SET_ISBN_THIRTEEN_NO,SGVL_ISBN_NO,VLM_NM,TITLE_NM,ISBN_ORGT_NO
"9788925805023","9791134872779","17","소녀파이트","9791134872779 (17)"
"9788952950826","9791134888435","28","엄마는단짝친구","9791134888435 (28)"
"9788952874627","9791136279248","15","요츠바랑","9791136279248 (15)"
"9791133499656","9791136278333","8","하나노이군과상사병","9791136278333 (8)"
"9788992505802","9791190747660","7","상상수집가조르주","9791190747660 (7)"
"9791196392604","9791197239007","8","유네스코세계기록유산에등재된국채보상운동기록물","9791197239007 (8)"
"9788928502929","9788928516254","16","한국의무가","9788928516254 (16)"
"9788928502929","9788928516438","19","한국의무가","9788928516438 (19)"
"9788958382669","9788958383451","5","천애홍엽","8958383453(5)"
"9791127848248","9791127861896","7","현실의여친은필요없어","9791127861896 (7)"
"9788925852232","9791134870744","38","경계의린네","9791134870744 (38)"
"9791129491152","9791135467660","36","갑질하는영주님","9791135467660 (36)"
"9788972597728","9791165795757","18","세상이가르쳐준비밀","9791165795757 (18)"
"9788940403945","9788940403952","1","이것이새천년미국영어다","8940403959 (1)"
"9788940403945","9788940403969","2","이것이새천년미국영어다","8940403967 (2)"
"9788940403945","9788940403976","3","이것이새천년미국영어다","8940403975 (3)"
"9788940403945","9788940403983","4","이것이새천년미국영어다","8940403983 (4)"
"9788940403945","9788940403990","5","이것이새천년미국영어다","8940403991 (5)"
"9788940403945","9788940404010","7","이것이새천년미국영어다","8940404017 (7)"
"9788940403945","9788940404003","6","이것이새천년미국영어다","8940404009 (6)"
"9788940403945","9788940404027","8","이것이새천년미국영어다","8940404025 (8)"
"9788940403945","9788940404034","9","이것이새천년미국영어다","8940404033 (9)"
"9788940403945","9788940404041","10","이것이새천년미국영어다","8940404041 (10)"
"9791163114154","9791136739964","22","스트라이크더블러드","9791136739964 (22)"
"9788927730071","9788927732716","3","재미있게배우는한국어","9788927732716 (3)"
"9788968319259","9791134890438","37","드래곤빌리지","9791134890438 (37)"
"9788934965268","9788934985457","15","요리스타청","9788934985457 (15(완결))"
"9788926734582","9788926718834","35","무림오적","9788926718834 (35)"
"9791185217598","9791166116384","4","나의용사","9791166116384 (4)"
"9791134835453","9791134887131","6","오늘부터시티헌터","9791134887131 (6)"
"9791125694601","9791134879686","13","은하영웅전설","9791134879686 (13)"
"9788925825663","9791134879549","29","본좌티처","9791134879549 (29)"
"9791163621454","9791136734747","39","우주형제","9791136734747 (39)"
"9788965269564","9791131903865","7","피크","9791131903865 (7)"
"9791131900970","9791138005845","27","re제로부터시작하는이세계생활","9791138005845 (27)"
"9788925882642","9791134886851","19","세인트영멘","9791134886851 (19)"
"9791156256533","9791136278326","22","로맨틱닥터","9791136278326 (22)"
"9791155970539","9791134879433","25","그럼에도세상은아름답다","9791134879433 (25)"
"9788952944412","9791134879792","74","피안도","9791134879792 (74)"
"9788958043973","9788958043997","2","스타일위드러브","9788958043997 (2)"
"9788927007777","9788927089179","7","지저귀는새는날지않는다","9788927089179 (7)"
"9788984430822","9791134866518","145","아빠는요리사","9791134866518 (145)"
"9788925872766","9791134885151","34","새벽의연화","9791134885151 (34)"
"9788984431096","9791134886936","130","더화이팅","9791134886936 (130)"
"9788984431096","9791134892449","131","더화이팅","9791134892449 (131)"
"9788925277363","9791136275868","25","어떤마술의금서목록","9791136275868 (25)"
"9788925895819","9791134886608","15","펠루아이야기","9791134886608 (15)"
"9788925892948","9791134884956","23","노라가미","9791134884956 (23)"
"9791125603382","9791134885380","23","종말의세라프","9791134885380 (23)"
"9791163111283","9791136731920","39","토리코","9791136731920 (39)"
"9791163111283","9791136743688","41","토리코","9791136743688 (41)"
"9791163111245","9791136740120","46","황혼유성군","9791136740120 (46)"
"9788954208345","9791128370335","264","무제ii","9791128370335 (264)"
"9788954208345","9791128370342","265","무제ii","9791128370342 (265)"
"9788954208345","9791128370359","266","무제ii","9791128370359 (266)"
"9788954208345","9791128370366","267","무제ii","9791128370366 (267)"
"9788954208345","9791128370373","268","무제ii","9791128370373 (268)"
"9788953275928","9791136741295","35","sonofogre한마바키","9791136741295 (Vol. 35)"
"9788963273051","9788963276465","8","문학교수,영화속으로들어가다","9788963276465 (8)"
"9788993900521","9791165181383","14","뱀파이어시스터","9791165181383 (14)"
"9788952980595","9791134879372","24","빈란드사가","9791134879372 (24)"
"9788925219752","9791136278890","61","킹덤","9791136278890 (61)"
"9788968315701","9791134885144","26","사이키쿠스오의재난","9791134885144 (26)"
"9791125603498","9791134882686","22","유큐홀더","9791134882686 (22)"
"9788960523579","9791191225587","15","히나마츠리","9791191225587 (15)"
"9788960523579","9791191225594","16","히나마츠리","9791191225594 (16)"
"9791125636458","9791134887261","18","쿠로사키말따위안들을거야","9791134887261 (18)"
"9791189126414","9791136731197","29","나의히어로아카데미아","9791136731197 (Vol. 29)"
"9791189126414","9791136743701","31","나의히어로아카데미아","9791136743701 (Vol. 31)"
"9791125642879","9791134834661","18","안녕자두야인성동화","9791134834661 (18)"
"9788954678636","9788959197309","1","중쇄를찍자","9788959197309 (1)"
"9788954678636","9788959197316","2","중쇄를찍자","9788959197316 (2)"
"9788954678636","9788959198023","3","중쇄를찍자","9788959198023 (3)"
"9788954678636","9788959198160","4","중쇄를찍자","9788959198160 (4)"
"9788954678636","9788959198481","5","중쇄를찍자","9788959198481 (5)"
"9788954678636","9788959198559","6","중쇄를찍자","9788959198559 (6)"
"9788954678636","9788959198832","7","중쇄를찍자","9788959198832 (7)"
"9788954678636","9788959199389","8","중쇄를찍자","9788959199389 (8)"
"9788954678636","9788959199808","9","중쇄를찍자","9788959199808 (9)"
"9788954678636","9788954678643","11","중쇄를찍자","9788954678643 (11)"
"9788954678636","9788954682091","13","중쇄를찍자","9788954682091 (13)"
"9788925882451","9791134885397","10","천사12방정식","9791134885397 (10)"
"9791125634911","9791134861315","16","구중궁궐에흩날리는눈이나려꽃","9791134861315 (16)"
"9788968227257","9791136279132","15","트리니티세븐","9791136279132 (15)"
"9788968227257","9791136280398","16","트리니티세븐","9791136280398 (16)"
"9788952859532","9791136280466","83","러브다이어리","9791136280466 (83)"
"9791127842666","9791127862343","16","최약무패의신장기룡","9791127862343 (16)"
"9788925863610","9791134891015","34","진격의거인","9791134891015 (34)"
"9788952970428","9791134878092","37","k2","9791134878092 (Vol.37)"
"9788952970428","9791134884833","38","k2","9791134884833 (38)"
"9791125595755","9791135489242","121","이것이법이다","9791135489242 (121)"
"9791125595755","9791135489259","122","이것이법이다","9791135489259 (122)"
"9788925894720","9791134884796","24","브툼","9791134884796 (24)"
"9788925894720","9791134889258","25","브툼","9791134889258 (25)"
"9788967256661","9791136280527","22","요괴아파트의우아한일상","9791136280527 (22)"
"9788925297699","9791136276056","28","노부나가의셰프","9791136276056 (28)"
"9788925297699","9791136280633","29","노부나가의셰프","9791136280633 (29)"
"9791163113751","9791136731906","60","지디펜드","9791136731906 (60)"
"9791163113751","9791136735645","61","지디펜드","9791136735645 (61)"
"9791163629870","9791136741684","19","오오쿠","9791136741684 (제19권(완결))"
"9791127843243","9791127862336","9","이세계치트마술사","9791127862336 (9)"
"9791133405480","9791136282163","13","일하지않는두사람","9791136282163 (13)"
"9788968225000","9791136273635","14","전자상가의서점아가씨","9791136273635 (14)"
"9791156250838","9791136275820","19","내가인기없는건아무리생각해도너희들탓이야","9791136275820 (19)"
"9791131936566","9791138005340","20","문호스트레이독스","9791138005340 (20)"
"9791133408306","9791136278296","9","삼각창의밖은밤","9791136278296 (9)"
"9788954226745","9791128371219","18","어제뭐먹었어","9791128371219 (18)"
"9791133406104","9791136275080","9","주문은토끼입니까","9791136275080 (Volume 9)"
"9791125639619","9791134870799","14","5시부터9시까지","9791134870799 (14)"
"9791163626152","9791136731845","12","시마회장","9791136731845 (12)"
"9791163626152","9791136733764","13","시마회장","9791136733764 (13)"
"9791185877303","9791159056291","9","김말봉전집","9791159056291 (9)"
"9791185877303","9791159056307","10","김말봉전집","9791159056307 (10)"
"9788954254762","9791128370670","12","카헤탐정부","9791128370670 (12)"
"9788967250782","9791136275295","23","카니발","9791136275295 (23)"
"9791133410910","9791136281425","7","31아이드림","9791136281425 (7)"
"9791131937662","9791138001069","11","푸치마스","9791138001069 (11)"
"9791133401987","9791136282378","12","뉴게임","9791136282378 (12)"
"9791186906460","9791127862312","18","변변찮은마술강사와금기교전","9791127862312 (18)"
"9791125645306","9791134884956","23","노라가미습유집","9791134884956 (23)"
"9791133412792","9791136278098","13","전당포시노부의보석상자","9791136278098 (13)"
"9791133412754","9791136274939","4","하루x키요","9791136274939 (4)"
"9788954253680","9791128371196","8","재난은날너무좋아해","9791128371196 (8)"
"9788927001591","9788927092032","12","그녀석의순정","9788927092032 (12)"
"9788927008774","9788927091516","7","키즈로그","9788927091516 (7)"
"9788927008385","9788927090861","9","화조풍월","9788927090861 (9)"
"9791131942307","9791138005814","7","문호스트레이독스","9791138005814 (7)"
"9788926389447","9791164388264","38","쿠키런서바이벌대작전","9791164388264 (38)"
"9791159609862","9791135468278","48","테이밍마스터","9791135468278 (48)"
"9791157103232","9791138400985","17","전생했더니슬라임이었던건에대하여","9791138400985 (17)"
"9791157102723","9791138400978","10","던전밥","9791138400978 (10)"
"9791131942369","9791138005791","11","쿠마미코","9791138005791 (11)"
"9791125643425","9791134885489","18","타카네와하나","9791134885489 (18)"
"9788960523128","9791191225525","13","디프래그","9791191225525 (13)"
"9788926327227","9791136743367","12","슈퍼러버즈","9791136743367 (12)"
"9791125653929","9791134887247","14","카케구루이","9791134887247 (14)"
"9791189126513","9791136733528","15","꽃보다맑음","9791136733528 (15)"
"9791133416172","9791136278197","7","스미카스미레","9791136278197 (7)"
"9791125650102","9791134887292","12","퍼펙트월드","9791134887292 (12)"
"9791185193373","9791162790724","13","연놈","9791162790724 (13)"
"9791190153997","9791185193342","1","윈드브레이커","9791185193342 (1)"
"9791190153997","9791185193366","2","윈드브레이커","9791185193366 (2)"
"9791190153997","9791185193465","3","윈드브레이커","9791185193465 (3)"
"9791190153997","9791185193755","4","윈드브레이커","9791185193755 (4)"
"9791190153997","9791185193908","5","윈드브레이커","9791185193908 (5)"
"9791190153997","9791162790298","6","윈드브레이커","9791162790298 (6)"
"9791190153997","9791162790304","7","윈드브레이커","9791162790304 (7)"
"9791190153997","9791162790328","8","윈드브레이커","9791162790328 (8)"
"9791190153997","9791162790397","9","윈드브레이커","9791162790397 (9)"
"9791190153997","9791162790403","10","윈드브레이커","9791162790403 (10)"
"9791190153997","9791162790410","11","윈드브레이커","9791162790410 (11)"
"9791190153997","9791162790496","12","윈드브레이커","9791162790496 (12)"
"9791190153997","9791162790571","13","윈드브레이커","9791162790571 (13)"
"9791190153997","9791162790632","14","윈드브레이커","9791162790632 (14)"
"9791190153997","9791162790694","15","윈드브레이커","9791162790694 (15)"
"9791190153997","9791162790700","16","윈드브레이커","9791162790700 (16)"
"9791190153997","9791190153218","17","윈드브레이커","9791190153218 (17)"
"9791190153997","9791167790156","18","윈드브레이커","9791167790156 (18)"
"9791133422708","9791136275578","25","골든카무이","9791136275578 (25)"
"9791157106707","9791138403160","3","포쿨애프터","9791138403160 (3)"
"9788982759529","9788982751134","14","국역역대사선","9788982751134 (14)"
"9788982759529","9788982751141","15","국역역대사선","9788982751141 (15)"
"9788982759529","9788982751158","16","국역역대사선","9788982751158 (16)"
"9788982759529","9788982751165","17","국역역대사선","9788982751165 (17)"
"9791127830670","9791127862329","16","곰곰곰베어","9791127862329 (16)"
"9791125658474","9791134885113","27","불꽃소방대","9791134885113 (27)"
"9791127840228","9791127860806","12","살육의천사","9791127860806 (12)"
"9791189126544","9791136731883","17","콜레트는죽기로했다","9791136731883 (17)"
"9791189126544","9791136735522","18","콜레트는죽기로했다","9791136735522 (18)"
"9791133431304","9791136278142","5","하츠하루","9791136278142 (5)"
"9791133424559","9791136278982","13","변녀","9791136278982 (13)"
"9791133424559","9791136280305","14","변녀","9791136280305 (14)"
"9791133434961","9791136274977","13","커피바닐라","9791136274977 (13)"
"9791133434961","9791136281609","14","커피바닐라","9791136281609 (14)"
"9791133437405","9791136273413","16","왕실교사하이네","9791136273413 (16)"
"9791131955703","9791138005388","10","코믹유녀전기","9791138005388 (10)"
"9791133433605","9791136275042","10","청루오페라","9791136275042 (10)"
"9791125659648","9791134882815","11","노건즈라이프","9791134882815 (11)"
"9791133424832","9791136278265","5","빠져드는한숨에달콤한키스","9791136278265 (5)"
"9788925876160","9791134887285","19","파괴수","9791134887285 (19)"
"9791163111757","9791136736178","15","드래곤볼슈퍼","9791136736178 (15)"
"9791195794782","9791188874385","11","설민석의한국사대모험","9791188874385 (11)"
"9791195794782","9791188874460","12","설민석의한국사대모험","9791188874460 (12)"
"9791195794782","9791165382650","13","설민석의한국사대모험","9791165382650 (13)"
"9791195794782","9791165382674","14","설민석의한국사대모험","9791165382674 (14)"
"9791195794782","9791165382704","15","설민석의한국사대모험","9791165382704 (15)"
"9791195794782","9791165382841","16","설민석의한국사대모험","9791165382841 (16)"
"9791195794782","9791165382940","17","설민석의한국사대모험","9791165382940 (17)"
"9791133437986","9791136275165","10","녹풍당의사계절","9791136275165 (10)"
"9791133437498","9791136279200","9","데미는이야기하고싶어","9791136279200 (9)"
"9791133419579","9791136279217","7","고양이와할아버지","9791136279217 (7)"
"9791133422265","9791136281470","7","마치다군의세계","9791136281470 (7)"
"9788952814562","9788952837738","17","에프","8952837738(17)"
"9788989600091","9788989600404","6","소년검객","8989600405(6)"
"9791163113775","9791136741301","17","유루유리","9791136741301 (17)"
"9788968226854","9791136275325","7","걷고있어","9791136275325 (7)"
"9788998391355","9788998391454","3","화도월해","9788998391454 (3)"
"9788998391355","9788998391461","4","화도월해","9788998391461 (4)"
"9791157101191","9791138403078","3","세븐스홀의마녀","9791138403078 (3)"
"9791133440238","9791136276025","11","이세계주점노부","9791136276025 (11)"
"9791127841287","9791127861919","12","변변찮은마술강사와금기교전","9791127861919 (12)"
"9788982251948","9788982251955","상","si단위토질및기초공학","9788982251955 (상)"
"9788982251948","9791162571798","하","si단위토질및기초공학","9791162571798 (하)"
"9791196094317","9791190753043","11","reseepic","9791190753043 (Vol.11)"
"9791125670421","9791134879631","12","언젠가티파니에서아침을","9791134879631 (12)"
"9791133446629","9791136275530","22","메이저세컨드","9791136275530 (22)"
"9791133447886","9791136280619","14","보루토","9791136280619 (14)"
"9791133452439","9791136278937","7","최애가부도칸에가준다면난죽어도좋아","9791136278937 (7)"
"9791125675020","9791134879464","23","다이아몬드에이스actii","9791134879464 (23)"
"9788952773524","9791165797065","9","스파이더맨데드풀","9791165797065 (Vol. 9)"
"9791125675396","9791134887230","15","친구게임","9791134887230 (15)"
"9791133452415","9791136275776","21","아마노메구미는빈틈투성이","9791136275776 (21)"
"9791133452415","9791136280268","22","아마노메구미는빈틈투성이","9791136280268 (22)"
"9791133455157","9791136275769","17","불쾌한모노노케안","9791136275769 (17)"
"9788965462644","9788965464143","15","charlieixdodo찰리9세","9788965464143 (15)"
"9791133444700","9791136278258","6","댄스댄스당쇠르","9791136278258 (6)"
"9791189126612","9791136732668","11","근사한남친","9791136732668 (11)"
"9791189126612","9791136742230","13","근사한남친","9791136742230 (13)"
"9791189126612","9791136736390","12","근사한남친","9791136736390 (12)"
"9791125672081","9791134872915","12","제물공주와짐승의왕","9791134872915 (12)"
"9791125674221","9791134886981","11","러브팬텀","9791134886981 (11)"
"9791131969250","9791138004695","5","레버넌트하이","9791138004695 (5)"
"9788950971359","9788950971595","24","그리스로마신화","9788950971595 (24)"
"9788950971359","9788950971601","25","그리스로마신화","9788950971601 (25)"
"9791125675105","9791134885045","19","리얼어카운트","9791134885045 (19)"
"9791131970683","9791138000536","9","용왕이하는일","9791138000536 (9)"
"9791133466894","9791136286079","8","마술선배","9791136286079 (8)"
"9791131969038","9791138002301","11","페이트그랜드오더코믹아라카르트","9791138002301 (11)"
"9791125684992","9791134866471","12","쌍망정은부숴야한다","9791134866471 (12)"
"9791125684992","9791134887070","13","쌍망정은부숴야한다","9791134887070 (13)"
"9791133469017","9791136275523","17","마왕성에서잘자요","9791136275523 (17)"
"9791133469321","9791136278814","10","우주전함티라미스","9791136278814 (10)"
"9791133469062","9791136280541","11","유루캠","9791136280541 (11)"
"9791125685159","9791134889722","10","카드캡터사쿠라","9791134889722 (10)"
"9791125693550","9791134882709","8","고깔모자의아틀리에","9791134882709 (8)"
"9788990243928","9788990243997","4","하느님의신비로운도성","9788990243997 (4)"
"9791125685111","9791134878467","15","첫사랑좀비","9791134878467 (15)"
"9791127843878","9791127860783","7","흔해빠진직업으로세계최강","9791127860783 (7)"
"9788966071715","9788966073900","13","꼬마흡혈귀","9788966073900 (13)"
"9788950974091","9788950996604","21","gogo카카오프렌즈","9788950996604 (21)"
"9791133475681","9791136278203","14","우리들은미쳤다","9791136278203 (14)"
"9791133473786","9791136275677","10","공정드래곤즈","9791136275677 (10)"
"9791131977804","9791138005364","12","방패용사성공담","9791138005364 (12)"
"9791131976685","9791138001816","10","re제로부터시작하는이세계생활","9791138001816 (10)"
"9791131976685","9791138005807","11","re제로부터시작하는이세계생활","9791138005807 (11)"
"9791189126810","9791136731623","10","아디오스에이프릴","9791136731623 (10)"
"9791189126834","9791136731630","9","이건좀아닌것같아","9791136731630 (9)"
"9791125695691","9791134882792","10","남자친구는오렌지색","9791134882792 (10)"
"9791128393754","9791128370694","7","눈물비와세레나데","9791128370694 (7)"
"9791125675143","9791134878245","11","벨제붑아가씨의뜻대로","9791134878245 (11)"
"9791125675143","9791134885106","12","벨제붑아가씨의뜻대로","9791134885106 (12)"
"9791133478484","9791136283887","5","나는천재를기르고있다","9791136283887 (5)"
"9791133466818","9791136276483","8","러블리어글리","9791136276483 (8)"
"9791133478552","9791136269201","3","우메이도히요와주인님의야망","9791136269201 (3)"
"9791133471553","9791136280626","8","동군","9791136280626 (8)"
"9791133477708","9791136275622","14","마법진구루구루2","9791136275622 (14)"
"9791163113737","9791136732859","4","호랑이굴다이닝","9791136732859 (4)"
"9791163110415","9791136743053","6","성녀의마력은만능입니다","9791136743053 (6)"
"9791131981375","9791138001076","12","비스타즈","9791138001076 (12)"
"9791131981375","9791138002332","13","비스타즈","9791138002332 (13)"
"9791131981375","9791138005357","14","비스타즈","9791138005357 (14)"
"9791189126469","9791136732606","17","청춘x기관총","9791136732606 (17)"
"9791189126469","9791136740106","18","청춘x기관총","9791136740106 (18)"
"9791189126438","9791136734570","9","비질랜티","9791136734570 (9)"
"9791133480593","9791136278364","4","이건사랑이아니니까잘부탁해","9791136278364 (4)"
"9791133482290","9791136278685","19","용사가죽었다","9791136278685 (19)"
"9791133483389","9791136278104","10","집사들의침묵","9791136278104 (10)"
"9791133483389","9791136284129","11","집사들의침묵","9791136284129 (11)"
"9791188988181","9791134886875","13","괴물사변","9791134886875 (13)"
"9791133426874","9791136281302","8","시노비사중주","9791136281302 (8)"
"9791163115373","9791136731647","8","신들에게주워진남자","9791136731647 (8)"
"9788960526440","9791191225983","9","고바야시네메이드래곤","9791191225983 (9)"
"9788960526440","9791191225990","10","고바야시네메이드래곤","9791191225990 (10)"
"9791162336052","9791164138937","12","뼈뼈사우루스","9791164138937 (12)"
"9791125696445","9791134887117","11","야쿠모씨는밥을먹이고싶어","9791134887117 (11)"
"9791128395376","9791128370618","7","아야메의유유자적육식일기","9791128370618 (7)"
"9791128395376","9791128370625","8","아야메의유유자적육식일기","9791128370625 (8)"
"9791128394362","9791128370946","10","거실의마츠나가씨","9791128370946 (10)"
"9791133485345","9791136282354","5","북북서로구름과함께가라","9791136282354 (5)"
"9791133488032","9791136280459","13","city","9791136280459 (13)"
"9791133488094","9791136282330","8","마녀와야수","9791136282330 (8)"
"9788992161657","9791157821099","5","소능력자들","9791157821099 (5)"
"9791125650133","9791134883102","19","하렘혼","9791134883102 (19)"
"9791133451999","9791136274960","6","사신과은의기사","9791136274960 (6)"
"9791163890140","9791138400961","5","내세에는남남이좋겠어","9791138400961 (5)"
"9791134805159","9791134885472","15","큐이디iff","9791134885472 (15)"
"9791128395352","9791128370687","4","처음사람","9791128370687 (4)"
"9788952773524","9791165796136","5","플래시","9791165796136 (Vol. 5)"
"9791134806941","9791134882938","9","스파이스와커스터드","9791134882938 (9)"
"9791133493197","9791136276001","15","80세마리코","9791136276001 (15)"
"9791133493197","9791136282088","16","80세마리코","9791136282088 (16)"
"9791163892595","9791166118869","7","도우미여우센코씨","9791166118869 (7)"
"9791127842284","9791127862411","12","페르소나4","9791127862411 (12)"
"9791134815813","9791134883010","15","우리는공부를못해","9791134883010 (15)"
"9791134815813","9791134887155","16","우리는공부를못해","9791134887155 (16)"
"9791134815813","9791134890971","17","우리는공부를못해","9791134890971 (17)"
"9791134808563","9791134885250","13","에덴즈제로","9791134885250 (13)"
"9788960526549","9791191225556","9","책벌레의하극상","9791191225556 (9)"
"9791163522287","9791108151442","66","도시정벌xi","9791108151442 (66)"
"9791163522287","9791108164824","67","도시정벌xi","9791108164824 (67)"
"9791163522287","9791108164831","68","도시정벌xi","9791108164831 (68)"
"9791163522287","9791108164848","69","도시정벌xi","9791108164848 (69)"
"9791163522287","9791108164855","70","도시정벌xi","9791108164855 (70)"
"9791163522287","9791108164862","71","도시정벌xi","9791108164862 (71)"
"9791163522287","9791108164879","72","도시정벌xi","9791108164879 (72)"
"9791163522287","9791108174939","73","도시정벌xi","9791108174939 (73)"
"9791163522287","9791108174946","74","도시정벌xi","9791108174946 (74)"
"9791163522287","9791108174953","75","도시정벌xi","9791108174953 (75)"
"9791163522287","9791108174960","76","도시정벌xi","9791108174960 (76)"
"9791163522287","9791108174977","77","도시정벌xi","9791108174977 (77)"
"9791163522287","9791108174984","78","도시정벌xi","9791108174984 (78)"
"9791163522287","9791108186949","79","도시정벌xi","9791108186949 (79)"
"9791163522287","9791108186956","80","도시정벌xi","9791108186956 (80)"
"9791131992364","9791138002318","4","냥아치","9791138002318 (4)"
"9791134814281","9791134856793","9","약사의혼잣말","9791134856793 (9)"
"9791163893585","9791166118807","10","괴롭히지말아요,나가토로양","9791166118807 (10)"
"9791134810764","9791134891046","10","페이트그랜드오더","9791134891046 (10)"
"9791135418426","9791135466854","33","회귀자의그랜드슬램","9791135466854 (33(완결))"
"9791164035052","9791136731890","13","주술회전","9791136731890 (13)"
"9791164035052","9791136732835","14","주술회전","9791136732835 (14)"
"9791164035052","9791136734495","15","주술회전","9791136734495 (15)"
"9791164035052","9791136741585","16","주술회전","9791136741585 (16)"
"9791133499533","9791136273208","10","라디에이션하우스","9791136273208 (10)"
"9791125696421","9791134881009","6","뱀파이어기사","9791134881009 (6)"
"9791164120246","9791136286109","7","쟈히님은기죽지않아","9791136286109 (7)"
"9791134811020","9791134878955","20","꼭두각시서커스","9791134878955 (20)"
"9791134811020","9791134878962","21","꼭두각시서커스","9791134878962 (21)"
"9791134811020","9791134884659","22","꼭두각시서커스","9791134884659 (22)"
"9791134811020","9791134884666","23","꼭두각시서커스","9791134884666 (23)"
"9791134811020","9791134884673","24","꼭두각시서커스","9791134884673 (24)"
"9791164031399","9791136736116","6","크로스더라인","9791136736116 (6)"
"9791164032587","9791136734730","10","약사의혼잣말","9791136734730 (10)"
"9791164032587","9791136744661","11","약사의혼잣말","9791136744661 (11)"
"9788924052084","9788924082593","7","영어회화문장best","9788924082593 (7)"
"9791127843625","9791127860813","5","살천","9791127860813 (5)"
"9791125684688","9791134866082","8","29세독신중견모험가의일상","9791134866082 (8)"
"9791163624172","9791136730787","26","티아라","9791136730787 (26)"
"9791134820268","9791134889401","7","너는봄에눈을뜬다","9791134889401 (7)"
"9791164125616","9791136280589","12","창공의아리아드네","9791136280589 (Vol. 12)"
"9791164125630","9791136280190","6","깨끗하게해주시겠어요","9791136280190 (6)"
"9791164126477","9791136286208","10","모브코의사랑","9791136286208 (10)"
"9791160858259","9791191225853","6","뷰티풀군바리","9791191225853 (6)"
"9791127849870","9791127861698","5","꼬마곰의케이크가게","9791127861698 (5)"
"9791127850067","9791127860332","4","아저씨와고양이","9791127860332 (4)"
"9791127850067","9791127862404","5","아저씨와고양이","9791127862404 (5)"
"9791163895152","9791166114649","10","덤벨몇킬로까지들수있어","9791166114649 (10)"
"9791164034383","9791136743923","10","여성향게임의파멸플래그밖에없는악역영애로환생해버렸다","9791136743923 (10)"
"9791134815783","9791134886943","10","도쿄리벤저스","9791134886943 (10)"
"9791134815783","9791134890841","11","도쿄리벤저스","9791134890841 (11)"
"9788960521995","9791191225891","4","쿠베라","9791191225891 (4)"
"9791131988749","9791138001823","4","니코는괴로워","9791138001823 (4)"
"9791131995600","9791138004824","4","현실주의용사의왕국재건기","9791138004824 (4)"
"9791131995600","9791138005784","5","현실주의용사의왕국재건기","9791138005784 (5)"
"9788924070705","9788924081947","3","패러다임21","9788924081947 (Vol. 3)"
"9791164033805","9791136730596","5","미스터리라하지말지어다","9791136730596 (5)"
"9791164033805","9791136742926","6","미스터리라하지말지어다","9791136742926 (6)"
"9788934996187","9788934989332","8","바둑전쟁신들의게임","9788934989332 (8)"
"9788934996187","9788934909118","9","바둑전쟁신들의게임","9788934909118 (9)"
"9791134824617","9791134887193","10","종말의세라프","9791134887193 (10)"
"9791164128501","9791136276018","10","땀과비누","9791136276018 (10)"
"9791134811006","9791134879495","12","런웨이에서웃어줘","9791134879495 (12)"
"9791164129201","9791136278128","9","절벽위의란","9791136278128 (9)"
"9791164034918","9791136730794","6","언브레이커블마스터","9791136730794 (6)"
"9791164034918","9791136740427","7","언브레이커블마스터","9791136740427 (7)"
"9791163301646","9791134878139","4","나의아빠","9791134878139 (4)"
"9791134808587","9791134882983","15","여친,빌리겠습니다","9791134882983 (15)"
"9791134808587","9791134885267","16","여친,빌리겠습니다","9791134885267 (16)"
"9791134825003","9791134885427","9","추락여고생과폐인교사","9791134885427 (9)"
"9791134824983","9791134885359","12","장미왕의장례행렬","9791134885359 (12)"
"9791134824983","9791134891008","13","장미왕의장례행렬","9791134891008 (13)"
"9791164034765","9791136732934","5","바람의검심","9791136732934 (5)"
"9791164662982","9791138000529","5","이세계삼촌","9791138000529 (5)"
"9791163071365","9791163073611","3","파이디온예수빌리지감사성탄","9791163073611 (3)"
"9791163071365","9791163073581","3","파이디온예수빌리지감사성탄","9791163073581 (3)"
"9791163071365","9791163073550","3","파이디온예수빌리지감사성탄","9791163073550 (3)"
"9791163071365","9791163073529","3","파이디온예수빌리지감사성탄","9791163073529 (3)"
"9791136204387","9791136286055","5","좁은세계의아이덴티티","9791136286055 (5)"
"9788999261473","9788999274701","25","회귀하여90년대톱스타되기","9788999274701 (25(완결))"
"9791136205742","9791136275462","3","이세계약국","9791136275462 (3)"
"9791127851774","9791127860301","4","치유마법의잘못된사용법","9791127860301 (4)"
"9791189320201","9791191363913","5","그녀가공작저로가야했던사정","9791191363913 (5)"
"9791134831707","9791134885465","8","카케구루이트윈","9791134885465 (8)"
"9791134831707","9791134889739","9","카케구루이트윈","9791134889739 (9)"
"9791134824921","9791134879563","9","사랑을모르는우리는","9791134879563 (9)"
"9791134824921","9791134887032","10","사랑을모르는우리는","9791134887032 (10)"
"9791134825072","9791134883089","8","텐도가이야기","9791134883089 (8)"
"9791134824907","9791134878207","9","무지개빛데이즈","9791134878207 (9)"
"9791134824907","9791134879525","10","무지개빛데이즈","9791134879525 (10)"
"9791134829612","9791134887094","11","아하렌양은알수가없어","9791134887094 (11)"
"9791128397530","9791128397684","15","환생왕","9791128397684 (15(완결))"
"9788957316634","9788957317891","1","하나님의사람다윗","9788957317891 (1)"
"9788957316634","9788957318485","2","하나님의사람다윗","9788957318485 (2)"
"9788957332146","9788957336540","3","과학기술학편람","9788957336540 (3)"
"9788957332146","9788957336557","4","과학기술학편람","9788957336557 (4)"
"9788957332146","9788957336564","5","과학기술학편람","9788957336564 (5)"
"9791165013165","9791136732194","19","란마12","9791136732194 (19)"
"9791165013165","9791136732200","20","란마12","9791136732200 (20)"
"9791165012694","9791136741653","5","사정을모르는전학생이거침없이다가온다","9791136741653 (5)"
"9791134831578","9791134882877","7","백성녀와흑목사","9791134882877 (7)"
"9791163899471","9791166114410","8","타마요미","9791166114410 (8)"
"9791165017750","9791165017767","1","마법약사가두번째제자를아끼는이유","9791165017767 (1)"
"9791165017750","9791136732705","2","마법약사가두번째제자를아끼는이유","9791136732705 (2)"
"9791127851385","9791127861902","3","속이멋진세계에폭염을","9791127861902 (3)"
"9791134835477","9791134878535","7","피의흔적","9791134878535 (제7권)"
"9788950983062","9788950983130","7","정재승의인간탐구보고서","9788950983130 (7)"
"9788950983734","9788950993573","9","비밀요원레너드","9788950993573 (9)"
"9791134838553","9791134890896","7","스파이패밀리","9791134890896 (7)"
"9791165013783","9791136732774","8","롱리브더킹","9791136732774 (8)"
"9791164035670","9791136743091","4","푸른오케스트라","9791136743091 (4)"
"9791134834975","9791134862527","5","창세의타이가","9791134862527 (5)"
"9791165070748","9791166117503","6","그비스크돌은사랑을한다","9791166117503 (6)"
"9791165070748","9791138401326","7","그비스크돌은사랑을한다","9791138401326 (7)"
"9791189320300","9791167770028","5","나혼자만레벨업","9791167770028 (5)"
"9791163898566","9791138401647","9","서머타임렌더","9791138401647 (9)"
"9791127852276","9791127862381","3","이세계치트마술사","9791127862381 (3)"
"9791136206206","9791136282392","7","해피해피쿠루네코","9791136282392 (7)"
"9791136214249","9791136280213","5","엘프와헌터의아이템공방","9791136280213 (5)"
"9791164666812","9791138002295","6","슬라임을잡으면서300년,모르는사이에레벨max가되었습니다","9791138002295 (6)"
"9791134835392","9791134879259","4","1학년a반의몬스터","9791134879259 (4)"
"9791134845179","9791134878191","4","매리지퍼플","9791134878191 (4)"
"9791134845155","9791134878412","5","오늘부터너의닌자","9791134878412 (5)"
"9791165071127","9791166119996","4","누가이상황을설명좀해주세요","9791166119996 (4)"
"9791136214645","9791136279170","7","좋아하는애가안경을깜박했다","9791136279170 (7)"
"9791165073954","9791138403252","6","마도사는평범을바란다","9791138403252 (6)"
"9791164131679","9791164138197","8","흔한남매","9791164138197 (8)"
"9788950984915","9788950985028","11","이시원의영어대모험","9788950985028 (11)"
"9791136221032","9791136275615","5","선생님,저는신경쓰지말고가주세요","9791136275615 (5)"
"9791134851231","9791134878146","6","남고생을키우고싶은누나이야기","9791134878146 (6)"
"9791134851231","9791134884949","7","남고생을키우고싶은누나이야기","9791134884949 (7)"
"9791134851088","9791134884789","7","7인의셰익스피어","9791134884789 (7)"
"9791136215680","9791136275745","6","성별모나리자인너에게","9791136275745 (6)"
"9791136215192","9791136275721","5","요나카노레이지에게하렘을","9791136275721 (5)"
"9791136209665","9791136274922","5","절대두근거려서는안돼","9791136274922 (5)"
"9791136202826","9791136281357","6","rere헬로","9791136281357 (6)"
"9788966073191","9788966073740","3","윌리엄웬튼","9788966073740 (제3권)"
"9791136218087","9791136279163","3","거기서일하는무스부씨","9791136279163 (3)"
"9791165018979","9791136731876","14","허구추리","9791136731876 (14)"
"9791165018979","9791136740779","15","허구추리","9791136740779 (15)"
"9791136704283","9791136732613","6","프로미스신데렐라","9791136732613 (6)"
"9791164035366","9791136732675","4","세월이흘러다리로간다","9791136732675 (4)"
"9791136700728","9791136732866","4","그사람의위장에는내가부족해","9791136732866 (4)"
"9791136704849","9791136730763","3","은혜는평생잊지않겠습니다","9791136730763 (3)"
"9791134851286","9791134888411","3","엘스카르","9791134888411 (3)"
"9791164034796","9791136740281","9","김전일37세의사건부","9791136740281 (9)"
"9791127408947","9791127446765","6","행복한타카코씨","9791127446765 (6)"
"9791134829599","9791134878283","9","사신도련님과검은메이드","9791134878283 (9)"
"9791190153164","9791190153935","7","신의탑","9791190153935 (7)"
"9791190153164","9791190153942","8","신의탑","9791190153942 (8)"
"9791133471959","9791136282118","5","책벌레의하극상","9791136282118 (5)"
"9791136226433","9791136278906","8","모모","9791136278906 (8)"
"9788984919556","9788984919563","1","핵심사업평가제도와성인지예산제도연계방안","9788984919563 (1)"
"9788984919556","9788984917934","2","핵심사업평가제도와성인지예산제도연계방안","9788984917934 (2)"
"9788926380406","9791164388370","17","신비아파트한자귀신","9791164388370 (17)"
"9791164595204","9791136732712","6","변경의노기사","9791136732712 (6)"
"9788950985974","9788950985929","6","간니닌니마법의도서관","9788950985929 (6)"
"9788930271448","9788930271479","3","위저드오브원스","9788930271479 (3)"
"9788954671439","9788954682466","4","정년이","9788954682466 (4)"
"9791134838515","9791134887100","3","안녕,꼬리달린녀석","9791134887100 (3)"
"9791136229854","9791136275738","4","혈해의노아","9791136275738 (4)"
"9791127848774","9791127860790","4","흔해빠진일상에서세계최강","9791127860790 (4)"
"9791127404611","9791127446758","9","나의소년","9791127446758 (9)"
"9791136229984","9791136282132","5","템플","9791136282132 (5)"
"9791136717870","9791136739971","4","후궁의까마귀","9791136739971 (4)"
"9791162012376","9791162013281","19","대방광불화엄경","9791162013281 (제19권)"
"9791135486210","9791135494031","16","천외천의주인","9791135494031 (16)"
"9791164135219","9791164138920","5","처음읽는그리스로마신화","9791164138920 (5)"
"9791136221179","9791136229694","7","무한의주인","9791136229694 (7)"
"9791136221179","9791136244475","15","무한의주인","9791136244475 (15)"
"9791136416902","9791136426611","15","무림에서온배달부","9791136426611 (15)"
"9791136416346","9791136426628","13","레벨업하기싫은천마님","9791136426628 (13)"
"9791134853846","9791134884765","6","30살까지동정이면마법사가될수있대","9791134884765 (6)"
"9791134853846","9791134889241","7","30살까지동정이면마법사가될수있대","9791134889241 (7)"
"9791104922046","9791104923807","16","천마신교낙양본부","9791104923807 (16)"
"9791136717474","9791136743602","5","도산코갸루는참말로귀여워","9791136743602 (5)"
"9791165014704","9791136735058","7","스승시리즈","9791136735058 (7)"
"9788924070613","9788924082456","11","똥손이어도괜찮아","9788924082456 (11)"
"9788924070613","9788924082678","12","똥손이어도괜찮아","9788924082678 (12)"
"9791166251191","9791138006125","14","전왕","9791138006125 (14)"
"9791135488405","9791135494154","15","비정규직매니저","9791135494154 (15)"
"9791136234582","9791136281272","5","한가로운정원","9791136281272 (Band 5)"
"9791136233509","9791136275714","3","쿨하고바보같은남자","9791136275714 (3)"
"9791190153041","9791190153720","12","레사","9791190153720 (12)"
"9791190153041","9791190153737","13","레사","9791190153737 (13)"
"9791190153041","9791190153744","14","레사","9791190153744 (14)"
"9791190153041","9791190153751","15","레사","9791190153751 (15)"
"9791190153041","9791190153768","16","레사","9791190153768 (16)"
"9791190153041","9791190153775","17","레사","9791190153775 (17)"
"9791190153041","9791190153782","18","레사","9791190153782 (18)"
"9791127853204","9791127860844","4","모험가가되고싶다며도시로떠났던딸이s랭크가되었다","9791127860844 (4)"
"9791165076191","9791138402286","3","니지와쿠로","9791138402286 (3)"
"9791136706942","9791136741677","3","우루시하사라라는사랑따위하지않아","9791136741677 (3)"
"9791136706690","9791136741707","4","츠바키님은화려하게꽃피우지못해","9791136741707 (4)"
"9791134862657","9791134885502","5","프리티보이next","9791134885502 (5)"
"9791136233592","9791136279040","3","귀차니스트남자가아침에일어나니여자가되어있었던이야기","9791136279040 (#3)"
"9791136202765","9791136275059","5","위국일기","9791136275059 (5)"
"9791189320577","9791191363760","3","인소의법칙","9791191363760 (3)"
"9791136215871","9791136275318","5","드라마틱아이러니","9791136275318 (5)"
"9791165242275","9791138005777","4","보이는여고생","9791138005777 (4)"
"9791136223968","9791136275837","4","괭이밥과황금","9791136275837 (4)"
"9791165247614","9791138001083","4","실격문장의최강현자","9791138001083 (4)"
"9791165247614","9791138002325","5","실격문장의최강현자","9791138002325 (5)"
"9791165247614","9791138003773","6","실격문장의최강현자","9791138003773 (6)"
"9791134858025","9791134890926","6","아가씨와충견군","9791134890926 (6)"
"9791134838614","9791134887216","4","창천의권리제네시스","9791134887216 (4)"
"9791134838492","9791134889326","6","극주부도","9791134889326 (6)"
"9791134835439","9791134885137","5","사랑하라기모노소녀","9791134885137 (5)"
"9791166251085","9791138005371","3","이세계유유자적농가","9791138005371 (3)"
"9791136417299","9791136426598","25","헌터내가해봤는데별거없더라","9791136426598 (25)"
"9791136417299","9791136426604","26","헌터내가해봤는데별거없더라","9791136426604 (26)"
"9788999268380","9788999273919","13","파천무극행","9788999273919 (13)"
"9788999268380","9788999273926","14","파천무극행","9788999273926 (14)"
"9791134835415","9791134835422","1","나는이룰수없는사랑을한다","9791134835422 (1)"
"9791134835415","9791134848408","2","나는이룰수없는사랑을한다","9791134848408 (2)"
"9791134835415","9791134889364","3","나는이룰수없는사랑을한다","9791134889364 (3)"
"9791188163588","9791191145373","4","아르마","9791191145373 (4)"
"9791188163588","9791191145380","5","아르마","9791191145380 (5)"
"9788936459581","9788936459178","01","이지유의이지사이언스","9788936459178 (01)"
"9788936459581","9788936459185","02","이지유의이지사이언스","9788936459185 (02)"
"9788936459581","9788936459192","03","이지유의이지사이언스","9788936459192 (03)"
"9788936459581","9788936459208","04","이지유의이지사이언스","9788936459208 (04)"
"9788936459581","9788936459598","05","이지유의이지사이언스","9788936459598 (05)"
"9788936459581","9788936459604","06","이지유의이지사이언스","9788936459604 (06)"
"9788950986322","9788950985639","1","보기왕이온다","9788950985639 (1)"
"9788950986322","9788950997540","2","보기왕이온다","9788950997540 (2)"
"9788950986322","9788950997533","3","보기왕이온다","9788950997533 (3)"
"9788927078982","9788927078999","1","수줍음을떨쳐내","9788927078999 (1)"
"9788927078982","9788927089438","2","수줍음을떨쳐내","9788927089438 (2)"
"9788966073139","9788966073115","1","흡혈귀짱x후배짱","9788966073115 (1)"
"9788966073139","9788966073122","2","흡혈귀짱x후배짱","9788966073122 (2)"
"9788966073139","9788966073887","3","흡혈귀짱x후배짱","9788966073887 (3)"
"9788966073139","9788966073894","4","흡혈귀짱x후배짱","9788966073894 (4)"
"9791165073213","9791166118814","4","내마음의위험한녀석","9791166118814 (4)"
"9788950989200","9788950997397","5","어쩌다발견한7월","9788950997397 (5)"
"9788950989200","9788950997403","6","어쩌다발견한7월","9788950997403 (6)"
"9788950989200","9788950997410","7","어쩌다발견한7월","9788950997410 (7)"
"9788950989200","9788950997427","8","어쩌다발견한7월","9788950997427 (8)"
"9788950989200","9788950997434","9","어쩌다발견한7월","9788950997434 (9)"
"9788950989200","9788950997441","10","어쩌다발견한7월","9788950997441 (10)"
"9791196716455","9791190409094","3","소녀귀신탐정","9791190409094 (3)"
"9791136708410","9791136708427","1","독제물쿠킹","9791136708427 (1)"
"9791136708410","9791136732590","2","독제물쿠킹","9791136732590 (2)"
"9791127427740","9791127427733","1","악역영애는서민에게시집가고싶어","9791127427733 (1)"
"9791127427740","9791127442194","3","악역영애는서민에게시집가고싶어","9791127442194 (3)"
"9788934900382","9788934981336","4","운동장아래100층학교","9788934981336 (4)"
"9791165244354","9791165244361","1","re제로부터시작하는이세계생활","9791165244361 (1)"
"9791165244354","9791138003285","2","re제로부터시작하는이세계생활","9791138003285 (2)"
"9788952764843","9791165796297","4","키드스파이","9791165796297 (4)"
"9791134864729","9791134885403","4","첫사랑x어게인","9791134885403 (4)"
"9791134837952","9791134884901","11","괴물이야기","9791134884901 (11)"
"9791134837952","9791134886882","12","괴물이야기","9791134886882 (12)"
"9791188406449","9791188406937","1","5분후의외의눈물","9791188406937 (1)"
"9791188406449","9791188406944","2","5분후의외의눈물","9791188406944 (2)"
"9791164136025","9791164138982","4","흔한남매의흔한호기심","9791164138982 (4)"
"9791127426187","9791127428594","2","드롭","9791127428594 (2)"
"9791127426187","9791127446833","3","드롭","9791127446833 (3)"
"9791136249487","9791136279033","7","덜렁이양검증중","9791136279033 (7)"
"9791136249487","9791136280183","8","덜렁이양검증중","9791136280183 (8)"
"9791136202789","9791136278074","6","아사히선배의취향","9791136278074 (6)"
"9791136240804","9791136278081","5","우리들의비밀사정","9791136278081 (5)"
"9788925589978","9788925579962","4","고래별","9788925579962 (4)"
"9788925589978","9788925579955","5","고래별","9788925579955 (5)"
"9791134866679","9791134866686","1","절대bl이되는세계vs절대bl이되고싶지않은남자","9791134866686 (1)"
"9791134866679","9791134887186","2","절대bl이되는세계vs절대bl이되고싶지않은남자","9791134887186 (2)"
"9791136240712","9791136275103","3","사신에게시집가는날","9791136275103 (3)"
"9791190153492","9791167790217","8","여신강림","9791167790217 (8)"
"9791190153461","9791167790101","4","재혼황후","9791167790101 (4)"
"9791190153461","9791167790194","5","재혼황후","9791167790194 (5)"
"9791136723178","9791136732279","3","어그래비티보이즈","9791136732279 (3)"
"9791136723178","9791136734969","4","어그래비티보이즈","9791136734969 (4)"
"9788950991845","9788950992880","8","취향저격그녀","9788950992880 (8)"
"9788950991845","9788950992897","9","취향저격그녀","9788950992897 (9)"
"9788950991845","9788950992903","10","취향저격그녀","9788950992903 (10)"
"9791134866624","9791134885304","5","유즈키네사형제","9791134885304 (5)"
"9791136233813","9791136278913","4","빙속성남자와쿨한동료여자","9791136278913 (4)"
"9791136244802","9791136280596","6","이회사에좋아하는사람이있습니다","9791136280596 (6)"
"9791136244338","9791136280282","9","25차원의유혹","9791136280282 (9)"
"9791136244338","9791136286239","10","25차원의유혹","9791136286239 (10)"
"9791136244826","9791136244833","1","칸무리씨의시계공방","9791136244833 (1)"
"9791136244826","9791136286062","3","칸무리씨의시계공방","9791136286062 (3)"
"9791136721662","9791136730800","3","화우요","9791136730800 (3)"
"9791136718778","9791136718785","1","bl만화여동생순정만화오빠","9791136718785 (1)"
"9791136718778","9791136732644","2","bl만화여동생순정만화오빠","9791136732644 (2)"
"9791136721464","9791136731937","7","귀엽기만한게아닌시키모리양","9791136731937 (7)"
"9791134864606","9791134875169","4","바텐더tokyo","9791134875169 (4)"
"9791128399404","9791128370601","4","코하루와친구들의애니멀보이스","9791128370601 (4)"
"9791166111112","9791166111129","1","무토와사토","9791166111129 (1)"
"9791166111112","9791166114045","2","무토와사토","9791166114045 (2)"
"9791166111051","9791166111068","1","가여워라,겐키군","9791166111068 (1)"
"9791166111051","9791166119286","2","가여워라,겐키군","9791166119286 (2)"
"9788952773524","9791165791582","1","문나이트","9791165791582 (Vol. 1)"
"9788952773524","9791165796921","2","문나이트","9791165796921 (Vol. 2)"
"9788954753944","9788954759090","4","서바이벌히어로번개맨","9788954759090 (4)"
"9788954674904","9788954681773","4","극락왕생","9788954681773 (4)"
"9791134865597","9791134881269","13","더화이팅","9791134881269 (13)"
"9791134865597","9791134881276","14","더화이팅","9791134881276 (14)"
"9791134865597","9791134881283","15","더화이팅","9791134881283 (15)"
"9791134865597","9791134892050","17","더화이팅","9791134892050 (17)"
"9791134865597","9791134892043","16","더화이팅","9791134892043 (16)"
"9791134860516","9791134869212","7","체인소맨","9791134869212 (7)"
"9791136245519","9791136275257","4","이세계에서왕태자비시작했습니다","9791136275257 (4)"
"9788952773524","9791165791599","1","이모털헐크","9791165791599 (Vol. 1)"
"9788952773524","9791165796204","2","이모털헐크","9791165796204 (Vol. 2)"
"9791128399336","9791128371202","8","미숙한두사람이오나","9791128371202 (8)"
"9791165079741","9791138401524","3","고물로봇퐁코","9791138401524 (3)"
"9791128399909","9791128371103","12","이탄","9791128371103 (12)"
"9791133496969","9791136281418","4","가면여고생하나코","9791136281418 (4)"
"9791164661015","9791138001830","3","호쿠사이와밥만있으면","9791138001830 (3)"
"9791196852221","9791196852238","1","언어마술사아예","9791196852238 (1)"
"9791196852221","9791196852290","2","언어마술사아예","9791196852290 (2)"
"9791136725035","9791136731654","4","책벌레공주","9791136731654 (4)"
"9791127857455","9791127860318","5","신이라고불린흡혈귀","9791127860318 (제5권)"
"9791127857455","9791127860325","6","신이라고불린흡혈귀","9791127860325 (제6권)"
"9791189320799","9791191363807","3","날것","9791191363807 (3)"
"9791190153546","9791190153553","1","아버지의복수는끝이없어라","9791190153553 (1)"
"9791190153546","9791190153966","2","아버지의복수는끝이없어라","9791190153966 (2)"
"9791166252600","9791166252617","1","아빠가미소녀가된이야기","9791166252617 (1)"
"9791166252600","9791138003780","2","아빠가미소녀가된이야기","9791138003780 (2)"
"9791166254574","9791138005821","5","탐정은이미죽었다","9791138005821 (5)"
"9791196506889","9791191327076","3","붉은바람의집","9791191327076 (3)"
"9791135491023","9791135465055","12","삼국지환상동탁전","9791135465055 (12(완결))"
"9791135492600","9791135467622","12","환생한대마법사의정주행","9791135467622 (12)"
"9791136418203","9791136426659","13","천마님천하를뒤집어놓으셨다","9791136426659 (13)"
"9791135493416","9791135468421","12","다시한번아이돌","9791135468421 (12)"
"9791136418913","9791136426703","12","마신은평화롭게살고싶다","9791136426703 (12)"
"9791136419538","9791136426666","11","적가상방개망나니","9791136426666 (11)"
"9791136419606","9791136426765","11","천검지애","9791136426765 (11)"
"9791134868451","9791134886837","7","마오","9791134886837 (7)"
"9791134868451","9791134886844","8","마오","9791134886844 (8)"
"9788954675673","9788954675680","1","초지일관벌거숭이츠즈이씨","9788954675680 (1)"
"9788954675673","9788954680806","2","초지일관벌거숭이츠즈이씨","9788954680806 (2)"
"9791166255557","9791138005838","3","옆집천사님때문에어느샌가인간적으로타락한사연","9791138005838 (3)"
"9791160853124","9791191225662","6","나이트런네가있는마을","9791191225662 (6)"
"9791160853124","9791191225945","7","나이트런네가있는마을","9791191225945 (7)"
"9791160853124","9791167690098","8","나이트런네가있는마을","9791167690098 (8)"
"9791160853124","9791167690111","9","나이트런네가있는마을","9791167690111 (9)"
"9791134866402","9791134882884","6","블루록","9791134882884 (6)"
"9791134866402","9791134885120","7","블루록","9791134885120 (7)"
"9791164062775","9791164062782","1","비밀의보석가게마석관","9791164062782 (1)"
"9791164062775","9791164063819","2","비밀의보석가게마석관","9791164063819 (2)"
"9791135494567","9791135468667","11","다시사는재벌가망나니","9791135468667 (11)"
"9791135493829","9791135464119","11","예지몽으로히든랭커","9791135464119 (11)"
"9788954753968","9788954759106","4","보니하니미스터리월드투어","9788954759106 (4)"
"9791164136902","9791164139118","4","설민석의역사고민상담소","9791164139118 (4)"
"9791164137169","9791164138715","3","흔한남매별난방탈출","9791164138715 (3)"
"9791165659196","9791167136688","9","울트라코리아","9791167136688 (9)"
"9791191119374","9791191766615","7","놓지마과학","9791191766615 (7)"
"9791191119374","9791191766622","8","놓지마과학","9791191766622 (8)"
"9791136724663","9791136730961","3","단다라밥상","9791136730961 (3)"
"9791136724663","9791136735041","4","단다라밥상","9791136735041 (4)"
"9791136724663","9791136742278","5","단다라밥상","9791136742278 (5)"
"9791136726926","9791136732217","6","변덕쟁이오렌지로드","9791136732217 (6)"
"9791136726926","9791136732651","7","변덕쟁이오렌지로드","9791136732651 (7)"
"9791136726926","9791136734600","8","변덕쟁이오렌지로드","9791136734600 (8)"
"9791136726926","9791136739896","10","변덕쟁이오렌지로드","9791136739896 (10)"
"9791136725271","9791136733467","3","아저씨와고양이와소녀","9791136733467 (3)"
"9791136727428","9791136731821","4","상사는악녀를놓치지않아","9791136731821 (4)"
"9791135495335","9791135467141","10","폐황제가되었다","9791135467141 (10)"
"9791163024323","9791163025177","10","사도세자대륙을꿈꾸다","9791163025177 (10권)"
"9788999271199","9788999273940","9","무림맹열외무사","9788999273940 (9)"
"9788999271199","9788999275432","10","무림맹열외무사","9788999275432 (10)"
"9788999270536","9788999273353","10","초인류연대기","9788999273353 (10)"
"9788999270536","9788999273360","11","초인류연대기","9788999273360 (11(완결))"
"9791127858162","9791127862398","4","스파이교실","9791127862398 (4)"
"9788954754040","9788954759342","3","최고다과학호기심딱지","9788954759342 (3)"
"9791134873165","9791134882853","3","마리는해피엔딩으로부탁드려요","9791134882853 (3)"
"9791134868956","9791134882921","3","손끝과연연","9791134882921 (3)"
"9791134868956","9791134887049","4","손끝과연연","9791134887049 (4)"
"9791134866181","9791134882662","4","mf고스트","9791134882662 (4)"
"9791134866181","9791134889272","5","mf고스트","9791134889272 (5)"
"9791166830006","9791166830082","8","요괴의아이를돌봐드립니다","9791166830082 (8)"
"9791166830006","9791166830099","9","요괴의아이를돌봐드립니다","9791166830099 (9)"
"9791166830006","9791166830105","10","요괴의아이를돌봐드립니다","9791166830105 (10)"
"9791163032137","9791163032144","1","바쁜초등학생을위한빠른사이트워드","9791163032144 (1)"
"9791163032137","9791163032397","2","바쁜초등학생을위한빠른사이트워드","9791163032397 (2)"
"9788924079739","9788924082531","8","전지산업의연구top","9788924082531 (8)"
"9788924079739","9788924082524","9","전지산업의연구top","9788924082524 (9)"
"9791164136940","9791164139682","5","닥터앤닥터육아일기","9791164139682 (5)"
"9791135498015","9791135464669","8","공작가장남은군대로가출한다","9791135464669 (8)"
"9791135497735","9791135498541","8","무림세가전생랭커","9791135498541 (8)"
"9788936627607","9788936627614","1","즐거울락성인을위한쉬운실용프라임바이엘","9788936627614 (1)"
"9788936627607","9788936627621","2","즐거울락성인을위한쉬운실용프라임바이엘","9788936627621 (2)"
"9791134860462","9791134884826","4","haveagreatsunday","9791134884826 (4)"
"9791166112577","9791166117770","4","이세계피크닉","9791166117770 (4)"
"9791134873233","9791134882990","3","오르는코테라양","9791134882990 (3)"
"9791104923272","9791104923821","8","탑스타의재능서고","9791104923821 (8)"
"9788965113539","9788965113553","2","일본어구어역요한복음의언어학적분석","9788965113553 (2)"
"9791164137367","9791164139491","3","기묘한모모한약방","9791164139491 (3)"
"9791166830563","9791166831003","4","펜트하우스","9791166831003 (4)"
"9788999271960","9788999274749","7","두번사는절대기억능력자","9788999274749 (7)"
"9788999271960","9788999275463","8","두번사는절대기억능력자","9788999275463 (8)"
"9791197228551","9791197228568","1","분노의임신일기","9791197228568 (1)"
"9791197228551","9791191886047","2","분노의임신일기","9791191886047 (2)"
"9791166113819","9791138401067","2","전생해서,지금은시녀입니다","9791138401067 (2)"
"9791136241047","9791136275301","5","유라쿠초도깨비과자점","9791136275301 (5)"
"9791136241009","9791136274878","4","그런데치기라군이너무달콤해","9791136274878 (4)"
"9791136421203","9791136426741","9","디스토피아의고인물","9791136426741 (9)"
"9788950992774","9788950992767","4","인더게임","9788950992767 (4)"
"9791134875749","9791134882228","9","이누야샤","9791134882228 (9)"
"9791134875749","9791134882235","10","이누야샤","9791134882235 (10)"
"9791134875749","9791134882242","11","이누야샤","9791134882242 (11)"
"9791134875749","9791134882259","12","이누야샤","9791134882259 (12)"
"9791136260116","9791136275790","3","모험에따라오지마요,엄마","9791136275790 (3)"
"9791134866365","9791134866372","1","밤이되면나는","9791134866372 (1)"
"9791134866365","9791134870645","2","밤이되면나는","9791134870645 (2)"
"9791134868512","9791134868529","1","거친계절의소녀들이여","9791134868529 (1)"
"9791134868512","9791134868536","2","거친계절의소녀들이여","9791134868536 (2)"
"9791134869083","9791134883003","3","우리동네치바군은","9791134883003 (3)"
"9791134869083","9791134889647","4","우리동네치바군은","9791134889647 (4)"
"9791109329659","9791109329840","19","괴","9791109329840 (19)"
"9791109329659","9791109329857","20","괴","9791109329857 (20)"
"9791109329659","9791109329864","21","괴","9791109329864 (21)"
"9791109329659","9791109329871","22","괴","9791109329871 (22)"
"9791109329659","9791109329888","23","괴","9791109329888 (23)"
"9791109329659","9791109329895","24","괴","9791109329895 (24)"
"9791109329659","9791109329901","25","괴","9791109329901 (25)"
"9791109329659","9791109329925","27","괴","9791109329925 (27)"
"9791109329659","9791109329932","28","괴","9791109329932 (28)"
"9791109329659","9791109329949","29","괴","9791109329949 (29)"
"9791136251039","9791136274991","4","발라드x오페라","9791136274991 (4)"
"9791136421821","9791136426710","8","위대한가문의대마법사로회귀했다","9791136426710 (8)"
"9791190409025","9791190409070","3","마법숲탐정","9791190409070 (3)"
"9788934991069","9788934980056","3","놓지마어휘","9788934980056 (3)"
"9791136730695","9791136730749","2","세살차이","9791136730749 (2)"
"9791136730695","9791136734525","3","세살차이","9791136734525 (3)"
"9791136421890","9791136426772","8","서자가너무강함","9791136426772 (8)"
"9791136730701","9791136730718","1","백작영애와시종의부적절한관계","9791136730718 (1)"
"9791136730701","9791136732620","2","백작영애와시종의부적절한관계","9791136732620 (2)"
"9791190153669","9791190153676","1","마른가지에바람처럼","9791190153676 (1)"
"9791190153669","9791167790132","2","마른가지에바람처럼","9791167790132 (2)"
"9791127854430","9791127858872","2","이세계식당","9791127858872 (2)"
"9791127854430","9791127860356","3","이세계식당","9791127860356 (3)"
"9791127854430","9791127861957","4","이세계식당","9791127861957 (4)"
"9791136255891","9791136278838","4","한자와나오키","9791136278838 (4)"
"9791188733354","9791188733385","3","민간경비직무현장적용","9791188733385 (3)"
"9791188733354","9791188733392","4","민간경비직무현장적용","9791188733392 (4)"
"9791188733354","9791188733408","5","민간경비직무현장적용","9791188733408 (5)"
"9791188733354","9791188733415","6","민간경비직무현장적용","9791188733415 (6)"
"9791136252791","9791136280497","6","추남진성파이터","9791136280497 (6)"
"9791136255044","9791136281579","4","케야키자매의사계절","9791136281579 (4)"
"9788954676533","9788954676540","1","빼앗긴들에도봄은오는가","9788954676540 (1)"
"9788954676533","9788954682848","2","빼앗긴들에도봄은오는가","9788954682848 (2)"
"9791134873271","9791134885496","3","평범한우리들의","9791134885496 (3)"
"9791136730992","9791136731005","1","극처데이즈","9791136731005 (1)"
"9791136730992","9791136735591","3","극처데이즈","9791136735591 (3)"
"9791136730992","9791136741615","4","극처데이즈","9791136741615 (4)"
"9791136730220","9791136730237","1","괴수8호","9791136730237 (1)"
"9791136730220","9791136733450","2","괴수8호","9791136733450 (2)"
"9791136730220","9791136740731","3","괴수8호","9791136740731 (3)"
"9791197303821","9791197303838","1","귀환자의마법은특별해야합니다","9791197303838 (1)"
"9791197303821","9791191363944","2","귀환자의마법은특별해야합니다","9791191363944 (2)"
"9788999272097","9788999274718","6","지악천","9788999274718 (6)"
"9788999272097","9788999274725","7","지악천","9788999274725 (7)"
"9788954677134","9788954677141","1","당신의향수","9788954677141 (1)"
"9788954677134","9788954682053","2","당신의향수","9788954682053 (2)"
"9791136267481","9791136275936","4","철야의노래","9791136275936 (4)"
"9791136267481","9791136282347","6","철야의노래","9791136282347 (6)"
"9791136260383","9791136282217","4","최애아이돌이옆집에이사왔다","9791136282217 (4)"
"9791136252876","9791136275585","7","짐승의길","9791136275585 (7)"
"9791136252876","9791136280503","8","짐승의길","9791136280503 (8)"
"9791136263841","9791136275561","3","최애의아이","9791136275561 (3)"
"9791136263841","9791136280404","4","최애의아이","9791136280404 (4)"
"9791166113215","9791166118838","4","샤이","9791166118838 (4)"
"9791136252845","9791136275653","12","gs미카미극락대작전","9791136275653 (12)"
"9791136252845","9791136278845","13","gs미카미극락대작전","9791136278845 (13)"
"9791136252845","9791136280169","14","gs미카미극락대작전","9791136280169 (14)"
"9791136252845","9791136282033","15","gs미카미극락대작전","9791136282033 (15)"
"9791136267405","9791136267412","1","이세계실격","9791136267412 (1)"
"9791136267405","9791136279071","2","이세계실격","9791136279071 (2)"
"9791136267405","9791136280176","3","이세계실격","9791136280176 (3)"
"9791134869021","9791134882969","4","아사이야기","9791134882969 (volume 4)"
"9791134869021","9791134889609","5","아사이야기","9791134889609 (volume 5)"
"9791166113871","9791166113888","1","내최애는악역영애","9791166113888 (1)"
"9791166113871","9791138402521","2","내최애는악역영애","9791138402521 (2)"
"9791136263087","9791136281593","4","사랑하는moondog","9791136281593 (4)"
"9791166114281","9791166116728","3","원댄스","9791166116728 (3)"
"9791166114304","9791166114311","1","전생했더니슬라임이었던건에대하여이문","9791166114311 (1)"
"9791166114304","9791166117534","2","전생했더니슬라임이었던건에대하여이문","9791166117534 (2)"
"9791166114304","9791166118791","3","전생했더니슬라임이었던건에대하여이문","9791166118791 (3)"
"9791166114304","9791138402507","4","전생했더니슬라임이었던건에대하여이문","9791138402507 (4)"
"9791128370182","9791128370700","4","데아이몬","9791128370700 (4)"
"9791128370182","9791128370717","5","데아이몬","9791128370717 (5)"
"9788954677196","9788954677202","1","남남","9788954677202 (1)"
"9788954677196","9788954682374","2","남남","9788954682374 (2)"
"9791136226662","9791136278654","6","요자쿠라일가의대작전","9791136278654 (6)"
"9791136226662","9791136285942","7","요자쿠라일가의대작전","9791136285942 (7)"
"9791127858551","9791127858568","1","왕녀전하는화가나셨나봅니다","9791127858568 (1)"
"9791127858551","9791127860271","2","왕녀전하는화가나셨나봅니다","9791127860271 (2)"
"9791165794248","9791165797126","4","빛난다한국사인물100","9791165797126 (4)"
"9788957361894","9788957362020","4","의사어벤저스","9788957362020 (4)"
"9788934989202","9788934909750","3","유령고양이후쿠코","9788934909750 (3)"
"9791158731953","9791158732004","4","요괴신문사","9791158732004 (4)"
"9791158731953","9791158732011","5","요괴신문사","9791158732011 (5)"
"9791136423214","9791136426642","7","천마의집사가되었다","9791136426642 (7)"
"9791136423115","9791136426574","7","무사정천","9791136426574 (7)"
"9788924079951","9788924079760","1","붉은사막초록장마","9788924079760 (1)"
"9788924079951","9788924082647","2","붉은사막초록장마","9788924082647 (2)"
"9788924079951","9788924082883","3","붉은사막초록장마","9788924082883 (3)"
"9791136256157","9791136275912","15","켄간아슈라","9791136275912 (15)"
"9791136256157","9791136275929","16","켄간아슈라","9791136275929 (16)"
"9791136256157","9791136278999","17","켄간아슈라","9791136278999 (17)"
"9791136256157","9791136279002","18","켄간아슈라","9791136279002 (18)"
"9791136256157","9791136280312","19","켄간아슈라","9791136280312 (19)"
"9791136256157","9791136282200","20","켄간아슈라","9791136282200 (20)"
"9791136260314","9791136275905","3","오취준의여신님","9791136275905 (3)"
"9791166113796","9791166113802","1","전생해서,지금은시녀입니다","9791166113802 (1)"
"9791166113796","9791138401074","2","전생해서,지금은시녀입니다","9791138401074 (2)"
"9791166115967","9791166115974","01","협객전생","9791166115974 (01)"
"9791166115967","9791166118555","02","협객전생","9791166118555 (02)"
"9791164792382","9791164792399","1","막내황녀님","9791164792399 (1)"
"9791164792382","9791164793860","2","막내황녀님","9791164793860 (2)"
"9791134875428","9791134875435","1","죽을때는눈부시게","9791134875435 (1)"
"9791134875428","9791134881085","2","죽을때는눈부시게","9791134881085 (2)"
"9791134875428","9791134881092","3","죽을때는눈부시게","9791134881092 (3)"
"9791134879266","9791134879280","1","3x3아이즈","9791134879280 (1)"
"9791134879266","9791134884772","2","3x3아이즈","9791134884772 (2)"
"9791136269034","9791136275233","3","이세계역사의찻집","9791136275233 (3)"
"9791166258916","9791138001090","3","전생현자의이세계라이프","9791138001090 (3)"
"9791166258916","9791138003766","4","전생현자의이세계라이프","9791138003766 (4)"
"9791134866280","9791134889456","4","달콤하지만은않은그들의일상은","9791134889456 (4)"
"9788950992231","9788950992217","1","문과1등이과1등1등미디어코믹스","9788950992217 (1)"
"9788950992231","9788950992224","2","문과1등이과1등1등미디어코믹스","9788950992224 (2)"
"9791134863838","9791134888176","6","포켓몬스터w","9791134888176 (6)"
"9791166115219","9791166115226","1","철퇴와피에타","9791166115226 (1)"
"9791166115219","9791166116742","2","철퇴와피에타","9791166116742 (2)"
"9791166115219","9791166114540","3","철퇴와피에타","9791166114540 (3)"
"9791166115042","9791166115059","1","나츠메아라타의결혼","9791166115059 (1)"
"9791166115042","9791166118784","2","나츠메아라타의결혼","9791166118784 (2)"
"9791134875015","9791134882723","4","골든골드","9791134882723 (4)"
"9791134875442","9791134875459","1","천사가우리집에찾아왔다","9791134875459 (1)"
"9791134875442","9791134881108","2","천사가우리집에찾아왔다","9791134881108 (2)"
"9791134868413","9791134868420","1","7856칠전팔기러브미스터리","9791134868420 (1)"
"9791134868413","9791134868437","2","7856칠전팔기러브미스터리","9791134868437 (2)"
"9791134869281","9791134869298","1","하토코씨는때때로마법소녀","9791134869298 (1)"
"9791134869281","9791134869304","2","하토코씨는때때로마법소녀","9791134869304 (2)"
"9791134874995","9791134889302","3","갬블러즈퍼레이드","9791134889302 (3)"
"9791135499180","9791135464263","6","전능하신영주님","9791135464263 (6)"
"9788934993162","9788934909842","16","정글의법칙","9788934909842 (16)"
"9788934993162","9788934980315","17","정글의법칙","9788934980315 (17)"
"9791136424075","9791136426727","6","무공서고의주인","9791136426727 (6)"
"9791136423955","9791136426635","6","마운드의금강불괴","9791136426635 (6)"
"9791136270283","9791136280244","3","파티피플공명","9791136280244 (3)"
"9788924079739","9788924082388","3","전지산업의연구","9788924082388 (3)"
"9791136260369","9791136270320","2","청초한척을하고있지만","9791136270320 (2)"
"9791136260369","9791136279156","3","청초한척을하고있지만","9791136279156 (3)"
"9791166340055","9791166340185","3","호텔플라밍고","9791166340185 (3)"
"9791166340055","9791166340192","4","호텔플라밍고","9791166340192 (4)"
"9791136252944","9791136276100","9","드래곤퀘스트다이의대모험","9791136276100 (9)"
"9791136252944","9791136276117","10","드래곤퀘스트다이의대모험","9791136276117 (10)"
"9791136731210","9791136731227","1","드래곤볼gt","9791136731227 (Vol. 1)"
"9791136731210","9791136732064","2","드래곤볼gt","9791136732064 (Vol. 2)"
"9791136731210","9791136732958","3","드래곤볼gt","9791136732958 (Vol. 3)"
"9791136272393","9791136272409","1","거짓의프레이야","9791136272409 (1)"
"9791136272393","9791136278272","3","거짓의프레이야","9791136278272 (3)"
"9791191065046","9791191065077","3","옆반의인어","9791191065077 (3)"
"9791191065046","9791191065084","4","옆반의인어","9791191065084 (4)"
"9791136272379","9791136272386","1","그사랑은딸기처럼","9791136272386 (1)"
"9791136272379","9791136275288","2","그사랑은딸기처럼","9791136275288 (2)"
"9791136272379","9791136278371","3","그사랑은딸기처럼","9791136278371 (3)"
"9791163024705","9791163025184","7","인생2막,섬나라재벌로","9791163025184 (7)"
"9788928324088","9788928331925","5","쎈연산","9788928331925 (5권)"
"9788928324088","9788928331932","6","쎈연산","9788928331932 (6권)"
"9788928324088","9788928331949","7","쎈연산","9788928331949 (7권)"
"9788928324088","9788928331956","8","쎈연산","9788928331956 (8권)"
"9791166118647","9791166118654","1","다른사람과하는러브코미디는용서하지않을거니까","9791166118654 (1)"
"9791166118647","9791138404556","2","다른사람과하는러브코미디는용서하지않을거니까","9791138404556 (2)"
"9788924080797","9788924080599","1","네팔어사용설명서","9788924080599 (제1권)"
"9788924080797","9788924082715","2","네팔어사용설명서","9788924082715 (제2권)"
"9791136273512","9791136273529","1","백귀야경","9791136273529 (1)"
"9791136273512","9791136279095","2","백귀야경","9791136279095 (2)"
"9791136273499","9791136273505","1","사령술사의도움","9791136273505 (1)"
"9791136273499","9791136280350","2","사령술사의도움","9791136280350 (2)"
"9791136272416","9791136275134","3","코타로는1인가구","9791136275134 (3)"
"9791136272416","9791136278395","4","코타로는1인가구","9791136278395 (4)"
"9791136273536","9791136273543","1","마슐","9791136273543 (1)"
"9791136273536","9791136279118","2","마슐","9791136279118 (2)"
"9791136273536","9791136280220","3","마슐","9791136280220 (3)"
"9791136273536","9791136282316","4","마슐","9791136282316 (4)"
"9791136272324","9791136272331","1","별내리는왕국의니나","9791136272331 (1)"
"9791136272324","9791136275189","2","별내리는왕국의니나","9791136275189 (2)"
"9791136272324","9791136278210","3","별내리는왕국의니나","9791136278210 (3)"
"9791136424822","9791136426734","5","귀환자의육아일기","9791136426734 (5)"
"9788940293300","9788940293317","1","리얼관광일본어","9788940293317 (1)"
"9788940293300","9788940293386","2","리얼관광일본어","9788940293386 (2)"
"9788999273254","9788999274732","4","신촌역마법사는악기제작자","9788999274732 (4)"
"9788999273254","9788999275449","5","신촌역마법사는악기제작자","9788999275449 (5)"
"9791191583298","9791191583212","1","토깽이네지구구출대작전","9791191583212 (1)"
"9791191583298","9791168120143","2","토깽이네지구구출대작전","9791168120143 (2)"
"9788950994433","9788950994372","1","이사도라문마녀요정미라벨","9788950994372 (1)"
"9788950994433","9788950994389","2","이사도라문마녀요정미라벨","9788950994389 (2)"
"9791134868680","9791134868697","1","나쁜짓,할래","9791134868697 (1)"
"9791134868680","9791134868703","2","나쁜짓,할래","9791134868703 (2)"
"9791166117688","9791166117695","1","요괴선술집논베레케","9791166117695 (1)"
"9791166117688","9791138400022","2","요괴선술집논베레케","9791138400022 (2)"
"9791134868598","9791134868604","1","공주님,고문의시간입니다","9791134868604 (1)"
"9791134868598","9791134868611","2","공주님,고문의시간입니다","9791134868611 (2)"
"9791135465284","9791135465338","5","기어코무대로","9791135465338 (5)"
"9791127860752","9791127860769","1","새엄마가데려온딸이전여친이었다","9791127860769 (1)"
"9791127860752","9791127862305","2","새엄마가데려온딸이전여친이었다","9791127862305 (2)"
"9791136424792","9791136426758","5","종말을준비하는중입니다","9791136426758 (5)"
"9791166116698","9791166116704","1","위그드라실버","9791166116704 (1)"
"9791166116698","9791138401081","2","위그드라실버","9791138401081 (2)"
"9791163025009","9791163025214","4","퇴마사사가운","9791163025214 (4권)"
"9791134884512","9791134884529","1","마음의소리","9791134884529 (1)"
"9791134884512","9791134886394","2","마음의소리","9791134886394 (2)"
"9791135467172","9791135467219","4","활써클대마법사","9791135467219 (4)"
"9791138003575","9791138006071","4","먼치킨소설속망나니주인공이되었다","9791138006071 (4)"
"9791165181154","9791165181352","3","동물과말하는아이릴리","9791165181352 (3)"
"9791104923708","9791104923852","4","레벨업축구황제","9791104923852 (4)"
"9791163025054","9791163025153","3","그림자없는밤","9791163025153 (3)"
"9788934989554","9788934989257","1","흔한남매과학탐험대","9788934989257 (1)"
"9788934989554","9788934980254","2","흔한남매과학탐험대","9788934980254 (2)"
"9791167041401","9791167041418","1","감정평가사경제학원론","9791167041418 (1)"
"9791167041401","9791167041425","2","감정평가사경제학원론","9791167041425 (2)"
"9791167041401","9791167041432","3","감정평가사경제학원론","9791167041432 (3)"
"9788999273858","9788999274756","3","여고앞카페에마왕이산다","9788999274756 (3)"
"9788999273858","9788999275456","4","여고앞카페에마왕이산다","9788999275456 (4)"
"9791165399450","9791165395353","3","알수록맛있는음식이야기","9791165395353 (3)"
"9791166840401","9791166840418","1","해국도지","9791166840418 (1)"
"9791166840401","9791166840531","3","해국도지","9791166840531 (3)"
"9791163025122","9791163025160","3","상사난","9791163025160 (3)"
"9791167390059","9791167390042","1","신비한고양이마을","9791167390042 (1)"
"9791167390059","9791167390349","2","신비한고양이마을","9791167390349 (2)"
"9788949144009","9788949144047","4","배드가이즈","9788949144047 (4)"
"9791136425553","9791136426789","4","2레벨로회귀한무신","9791136426789 (4)"
"9791134860493","9791134885342","3","일하는세포프렌드","9791134885342 (3)"
"9788965794608","9788965794691","3","그리스로마신화","9788965794691 (3)"
"9791166686344","9791166686351","1","양귀비전쟁","9791166686351 (1)"
"9791166686344","9791166686405","2","양귀비전쟁","9791166686405 (2)"
"9791136425812","9791136426550","3","회귀경찰의리셋라이프","9791136426550 (3)"
"9788999274671","9788999275470","3","고구려,대륙을먹다","9788999275470 (3)"
"9791156059103","9791156059691","상","삭풍은불어도","9791156059691 (상)"
"9791156059103","9791156059707","하","삭풍은불어도","9791156059707 (하)"
"9791166971365","9791166971372","1","모성여성건강간호학","9791166971372 (1)"
"9791166971365","9791166971389","2","모성여성건강간호학","9791166971389 (2)"
"9788925579788","9788925579665","1","변경","9788925579665 (1)"
"9788925579788","9788925579672","2","변경","9788925579672 (2)"
"9788925579788","9788925579689","3","변경","9788925579689 (3)"
"9788925579788","9788925579696","4","변경","9788925579696 (4)"
"9788925579788","9788925579702","5","변경","9788925579702 (5)"
"9788925579788","9788925579719","6","변경","9788925579719 (6)"
"9788925579788","9788925579726","7","변경","9788925579726 (7)"
"9788925579788","9788925579733","8","변경","9788925579733 (8)"
"9788925579788","9788925579740","9","변경","9788925579740 (9)"
"9788925579788","9788925579757","10","변경","9788925579757 (10)"
"9788925579788","9788925579764","11","변경","9788925579764 (11)"
"9788925579788","9788925579771","12","변경","9788925579771 (12(완결))"
"9791138003872","9791138003889","1","남서울신흥재벌","9791138003889 (1)"
"9791138003872","9791138003896","2","남서울신흥재벌","9791138003896 (2)"
"9791138003872","9791138005104","3","남서울신흥재벌","9791138005104 (3)"
"9791168100114","9791168100121","1","누가이생각을이루어주랴","9791168100121 (1)"
"9791168100114","9791168100138","2","누가이생각을이루어주랴","9791168100138 (2)"
"9791138005050","9791138005067","1","일생일검매향만리","9791138005067 (1)"
"9791138005050","9791138005074","2","일생일검매향만리","9791138005074 (2)"
"9791164389667","9791164389674","상","황제프리드리히2세의생애","9791164389674 (상)"
"9791164389667","9791164389681","하","황제프리드리히2세의생애","9791164389681 (하)"
"9788935652914","9788935663637","1","전기자기론","9788935663637 (1)"
"9788935652914","9788935663644","2","전기자기론","9788935663644 (2)"
"9788901251547","9788901251585","1","어휘로잡는빵빵독해초등과학","9788901251585 (1)"
"9788901251547","9788901251592","2","어휘로잡는빵빵독해초등과학","9788901251592 (2)"
"9788901251547","9788901251608","3","어휘로잡는빵빵독해초등과학","9788901251608 (3)"
"9791190300995","9791165881177","1","거꾸로흐르는강","9791165881177 (1)"
"9791190300995","9791165881184","2","거꾸로흐르는강","9791165881184 (2)"
"9791166830808","9791166830815","1","초등맞춤법받아쓰기","9791166830815 (1)"
"9791166830808","9791166830822","2","초등맞춤법받아쓰기","9791166830822 (2)"
"9788901251547","9788901251554","1","어휘로잡는빵빵독해초등사회","9788901251554 (1)"
"9788901251547","9788901251561","2","어휘로잡는빵빵독해초등사회","9788901251561 (2)"
"9788901251547","9788901251578","3","어휘로잡는빵빵독해초등사회","9788901251578 (3)"
"9788950993238","9788950993207","1","만화열두살에부자가된키라","9788950993207 (1)"
"9788950993238","9788950993214","2","만화열두살에부자가된키라","9788950993214 (2)"
"9788950993238","9788950993221","3","만화열두살에부자가된키라","9788950993221 (3)"
"9788901251547","9788901251646","1","어휘로잡는빵빵독해초등세계사","9788901251646 (1)"
"9788901251547","9788901251653","2","어휘로잡는빵빵독해초등세계사","9788901251653 (2)"
"9788901251547","9788901251660","3","어휘로잡는빵빵독해초등세계사","9788901251660 (3)"
"9788930271226","9788930271134","1","잠입천재과학자의방","9788930271134 (1)"
"9788930271226","9788930271141","2","잠입천재과학자의방","9788930271141 (2)"
"9788930271226","9788930271158","3","잠입천재과학자의방","9788930271158 (3)"
"9788930271226","9788930271165","4","잠입천재과학자의방","9788930271165 (4)"
"9791167135377","9791167135384","1","하루하라미나와순정","9791167135384 (1)"
"9791167135377","9791167135391","2","하루하라미나와순정","9791167135391 (2)"
"9791164793297","9791164793303","1","퇴근후에만나요","9791164793303 (1)"
"9791164793297","9791164793310","2","퇴근후에만나요","9791164793310 (2)"
"9791164793297","9791164793327","3","퇴근후에만나요","9791164793327 (3)"
"9788968502170","9788968506048","51","새연세한국어듣기와읽기","9788968506048 (5-1)"
"9788968502170","9788968506055","52","새연세한국어듣기와읽기","9788968506055 (5-2)"
"9791189659332","9791189659349","1","thespaceofcafewithbrand","9791189659349 (No.1)"
"9791189659332","9791189659356","2","thespaceofcafewithbrand","9791189659356 (No.2)"
"9791165399672","9791165399689","1","메커니즘","9791165399689 (1)"
"9791165399672","9791165399702","2","메커니즘","9791165399702 (2)"
"9791165399672","9791165399726","3","메커니즘","9791165399726 (3)"
"9791165399672","9791165399740","4","메커니즘","9791165399740 (4)"
"9791138306546","9791138306614","1","성인간호학","9791138306614 (1)"
"9791138306546","9791138306621","2","성인간호학","9791138306621 (2)"
"9791166323072","9791166323089","1","입술끝이닿으면","9791166323089 (1)"
"9791166323072","9791166323096","2","입술끝이닿으면","9791166323096 (2)"
"9791136425881","9791136425898","1","내소환수는천만대군","9791136425898 (1)"
"9791136425881","9791136425904","2","내소환수는천만대군","9791136425904 (2)"
"9791136425881","9791136426581","3","내소환수는천만대군","9791136426581 (3)"
"9791167135407","9791167135414","1","당신을원하는나에게","9791167135414 (1)"
"9791167135407","9791167135421","2","당신을원하는나에게","9791167135421 (2)"
"9791190555722","9791190555746","1","위대한피아니스트","9791190555746 (1)"
"9791190555722","9791190555753","2","위대한피아니스트","9791190555753 (2)"
"9788935664276","9788935664993","1","대변혁","9788935664993 (1)"
"9788935664276","9788935665006","2","대변혁","9788935665006 (2)"
"9788935664276","9788935665617","3","대변혁","9788935665617 (3)"
"9791196004613","9791189801403","1","전어지","9791189801403 (1)"
"9791196004613","9791189801427","2","전어지","9791189801427 (2)"
"9788968502224","9788968506062","51","새연세한국어말하기와쓰기","9788968506062 (5-1)"
"9788968502224","9788968506079","52","새연세한국어말하기와쓰기","9788968506079 (5-2)"
"9791136425379","9791136425386","1","휘운객잔","9791136425386 (1)"
"9791136425379","9791136425393","2","휘운객잔","9791136425393 (2)"
"9791136425379","9791136425867","3","휘운객잔","9791136425867 (3)"
"9791136425379","9791136426567","4","휘운객잔","9791136426567 (4)"
"9788966389254","9788966389261","1","한권으로끝내는노동법","9788966389261 (1)"
"9788966389254","9788966389278","2","한권으로끝내는노동법","9788966389278 (2)"
"9788944722004","9788944797088","12","스펄전설교전집","9788944797088 (12)"
"9788944722004","9788944797095","13","스펄전설교전집","9788944797095 (13)"
"9788944722004","9788944797101","14","스펄전설교전집","9788944797101 (14)"
"9791190680158","9791190680165","1","민준호독학행정법기출문제집","9791190680165 (1)"
"9791190680158","9791190680172","2","민준호독학행정법기출문제집","9791190680172 (2)"
"9788936505615","9788936514372","1","창세기강해설교","9788936514372 (1)"
"9788936505615","9788936514389","2","창세기강해설교","9788936514389 (2)"
"9788936505615","9788936514396","3","창세기강해설교","9788936514396 (3)"
"9788936505615","9788936514402","4","창세기강해설교","9788936514402 (4)"
"9791187636366","9791187636380","1","대전복용동새터말유적","9791187636380 (1권)"
"9791187636366","9791187636458","2","대전복용동새터말유적","9791187636458 (2권)"
"9791187636366","9791191529005","3","대전복용동새터말유적","9791191529005 (3권)"
"9791156043799","9791156043805","1","2020지구촌한류현황","9791156043805 (1)"
"9791156043799","9791156043812","2","2020지구촌한류현황","9791156043812 (2)"
"9791156043799","9791156043829","3","2020지구촌한류현황","9791156043829 (3)"
"9791156043799","9791156043836","4","2020지구촌한류현황","9791156043836 (4)"
"9791136717269","9791136717276","1","신령님과도련님","9791136717276 (1)"
"9791136717269","9791136732637","2","신령님과도련님","9791136732637 (2)"
"9791165803728","9791165803735","1","코토우부장","9791165803735 (1권)"
"9791165803728","9791165803742","2","코토우부장","9791165803742 (2권)"
"9791134864804","9791134864811","1","히프노시스마이크","9791134864811 (1)"
"9791134864804","9791134870874","2","히프노시스마이크","9791134870874 (2)"
"9791134879273","9791134879297","1","xxx한관계","9791134879297 (1)"
"9791134879273","9791134889289","2","xxx한관계","9791134889289 (2)"
"9780367534073","9781498764452","hardback","enterpriselevelsecurity","1498764452 (Hardback)"
"9788965457497","9788965457534","上","야호","9788965457534 (上)"
"9788965457497","9788965457541","下","야호","9788965457541 (下)"
"9791165802998","9791165803001","1","왕의짐승","9791165803001 (1)"
"9791165802998","9791165803018","2","왕의짐승","9791165803018 (2)"
"9791166117664","9791166117671","1","심부름꾼사이토씨,이세계에가다","9791166117671 (1)"
"9791166117664","9791138401456","2","심부름꾼사이토씨,이세계에가다","9791138401456 (2)"
"9791134875060","9791134875077","1","내가강하게만들고싶은신","9791134875077 (1)"
"9791134875060","9791134881030","2","내가강하게만들고싶은신","9791134881030 (2)"
"9780367534073","9780367531737","2","enterpriselevelsecurity","0367531739 (v. 2 : hbk)"
"9780367534073","9781003080787","2","enterpriselevelsecurity","1003080782 (v. 2 : ebk)"
"9791165802783","9791165802790","1","마왕의오른팔이되었으니원작개악합니다","9791165802790 (1)"
"9791165802783","9791165802806","2","마왕의오른팔이되었으니원작개악합니다","9791165802806 (2)"
"9791134864828","9791134864835","1","히프노시스마이크","9791134864835 (1)"
"9791134864828","9791134870881","2","히프노시스마이크","9791134870881 (2)"
"9791134874865","9791134874872","1","프릭스프리크컴퍼니","9791134874872 (1)"
"9791134874865","9791134879341","2","프릭스프리크컴퍼니","9791134879341 (2)"
"9791134878054","9791134878061","1","버든","9791134878061 (1)"
"9791134878054","9791134878078","2","버든","9791134878078 (2)"
"9791134882594","9791134882600","1","일하는혈소판짱","9791134882600 (1)"
"9791134882594","9791134889661","2","일하는혈소판짱","9791134889661 (2)"
"9791134864842","9791134864859","1","히프노시스마이크","9791134864859 (1)"
"9791134864842","9791134870898","2","히프노시스마이크","9791134870898 (2)"
"9791134882495","9791134882501","1","러브미퐁포코","9791134882501 (1)"
"9791134882495","9791134889463","2","러브미퐁포코","9791134889463 (2)"
"9791134875121","9791134875138","1","리버스x리버스","9791134875138 (1)"
"9791134875121","9791134885014","2","리버스x리버스","9791134885014 (2)"
"9791136241603","9791136241610","1","시원찮은직장인과불량소녀","9791136241610 (1)"
"9791136241603","9791136241627","2","시원찮은직장인과불량소녀","9791136241627 (2)"
"9791136241603","9791136249661","3","시원찮은직장인과불량소녀","9791136249661 (3)"
"9791136241603","9791136275899","4","시원찮은직장인과불량소녀","9791136275899 (4)"
"9791136241719","9791136241726","1","고양이가서쪽으로향하면","9791136241726 (1)"
"9791136241719","9791136244567","2","고양이가서쪽으로향하면","9791136244567 (2)"
"9791136241719","9791136275752","3","고양이가서쪽으로향하면","9791136275752 (3)"
"9791163024880","9791163024897","1","불현듯찾아온당신","9791163024897 (1)"
"9791163024880","9791163024903","2","불현듯찾아온당신","9791163024903 (2)"
"9791163024934","9791163024941","1","써니사이드업","9791163024941 (vol. 1)"
"9791163024934","9791163024958","2","써니사이드업","9791163024958 (vol. 2)"
"9788954680981","9788954680998","1","화폐개혁","9788954680998 (1)"
"9788954680981","9788954681001","2","화폐개혁","9788954681001 (2)"
"9788954680981","9788954681018","3","화폐개혁","9788954681018 (3)"
"9788967220280","9788967220334","1","고대의도시들","9788967220334 (1)"
"9788967220280","9788967220341","2","고대의도시들","9788967220341 (2)"
"9791191583304","9791191583311","1","하트스토퍼","9791191583311 (1)"
"9791191583304","9791191583328","2","하트스토퍼","9791191583328 (2)"
"9791191583304","9791191583335","3","하트스토퍼","9791191583335 (3)"
"9791191583304","9791191583472","4","하트스토퍼","9791191583472 (4)"
"9791128370632","9791128370649","1","얼간이봉봉diy하우스","9791128370649 (1)"
"9791128370632","9791128370656","2","얼간이봉봉diy하우스","9791128370656 (2)"
"9791128370632","9791128370663","3","얼간이봉봉diy하우스","9791128370663 (3)"
"9791128370632","9791128370939","4","얼간이봉봉diy하우스","9791128370939 (4)"
"9788954673433","9788954673419","1","신과함께","9788954673419 (1)"
"9788954673433","9788954673426","2","신과함께","9788954673426 (2)"
"9788962381566","9788962381573","1","한국통화금융사","9788962381573 (1)"
"9788962381566","9788962381580","2","한국통화금융사","9788962381580 (2)"
"9788954673433","9788954673327","1","신과함께","9788954673327 (1)"
"9788954673433","9788954673389","2","신과함께","9788954673389 (2)"
"9788954673433","9788954673396","3","신과함께","9788954673396 (3)"
"9788901253381","9788901253398","1","너무빨리지나가버린,너무늦게깨달아버린","9788901253398 (1)"
"9788901253381","9788901253404","2","너무빨리지나가버린,너무늦게깨달아버린","9788901253404 (2)"
"9791191766233","9791191766240","1","금복이이야기","9791191766240 (1)"
"9791191766233","9791191766257","2","금복이이야기","9791191766257 (2)"
"9788949949826","9788949949833","1","당률각론","9788949949833 (1)"
"9788949949826","9788949949840","2","당률각론","9788949949840 (2)"
"9791156758853","9791156758839","1","에리타","9791156758839 (1)"
"9791156758853","9791156758846","2","에리타","9791156758846 (2)"
"9788954679671","9788954679688","1","지금우리학교는","9788954679688 (1)"
"9788954679671","9788954679695","2","지금우리학교는","9788954679695 (2)"
"9788954679671","9788954679701","3","지금우리학교는","9788954679701 (3)"
"9788954679671","9788954679718","4","지금우리학교는","9788954679718 (4)"
"9788954679671","9788954679725","5","지금우리학교는","9788954679725 (5)"
"9791165382827","9791165382834","1","열려라천일문영어구출대작전","9791165382834 (1)"
"9791165382827","9791165382957","2","열려라천일문영어구출대작전","9791165382957 (2)"
"9788935673407","9788935673414","1","페미니즘앞에선그대에게","9788935673414 (1)"
"9788935673407","9788935673421","2","페미니즘앞에선그대에게","9788935673421 (2)"
"9788935673377","9788935673384","1","그해봄날","9788935673384 (1)"
"9788935673377","9788935673391","2","그해봄날","9788935673391 (2)"
"9788935673339","9788935673346","1","대화","9788935673346 (1)"
"9788935673339","9788935673353","2","대화","9788935673353 (2)"
"9788935673339","9788935673360","3","대화","9788935673360 (3)"
"9791167041586","9791167041593","1","해법국사","9791167041593 (1)"
"9791167041586","9791167041609","2","해법국사","9791167041609 (2)"
"9791167041692","9791167041708","1","김세현영어","9791167041708 (1권)"
"9791167041692","9791167041715","2","김세현영어","9791167041715 (2권)"
"9791156226246","9791156226253","1","여래이삼한인류최고깨달음의진리","9791156226253 (1)"
"9791156226246","9791156226260","2","여래이삼한인류최고깨달음의진리","9791156226260 (2)"
"9791156226246","9791156226277","3","여래이삼한인류최고깨달음의진리","9791156226277 (3)"
"9791156226246","9791156226284","4","여래이삼한인류최고깨달음의진리","9791156226284 (4)"
"9791156226246","9791156226291","5","여래이삼한인류최고깨달음의진리","9791156226291 (5)"
"9791156226246","9791156226307","6","여래이삼한인류최고깨달음의진리","9791156226307 (6)"
"9791156226246","9791156226314","7","여래이삼한인류최고깨달음의진리","9791156226314 (7)"
"9791156226246","9791156226321","8","여래이삼한인류최고깨달음의진리","9791156226321 (8)"
"9791156226246","9791156226338","9","여래이삼한인류최고깨달음의진리","9791156226338 (9)"
"9791156226246","9791156226345","10","여래이삼한인류최고깨달음의진리","9791156226345 (10)"
"9791156226246","9791156226352","11","여래이삼한인류최고깨달음의진리","9791156226352 (11)"
"9791156226246","9791156226369","12","여래이삼한인류최고깨달음의진리","9791156226369 (12)"
"9788900035223","9788900046809","1","한국현대소설100년","8900046802 (1)"
"9788900035223","9788900046816","2","한국현대소설100년","8900046810 (2)"
"9791167041555","9791167041562","1","오현준정통교육학","9791167041562 (1)"
"9791167041555","9791167041579","2","오현준정통교육학","9791167041579 (2)"
"9791197455483","9791197455490","1","옥한흠목사가목사에게","9791197455490 (1)"
"9791197455483","9791192005003","2","옥한흠목사가목사에게","9791192005003 (2)"
"9788932117980","9788932118024","상","단테의신곡","9788932118024 (상)"
"9788932117980","9788932118031","하","단테의신곡","9788932118031 (하)"
"9788951120503","9788951120473","1","삼애일치","9788951120473 (1)"
"9788951120503","9788951120480","2","삼애일치","9788951120480 (2)"
"9788951120503","9788951120497","3","삼애일치","9788951120497 (3)"
"9788948067279","9788948067286","1","스마트농업테스트베드교육장운영사례집","9788948067286 (1)"
"9788948067279","9788948067293","2","스마트농업테스트베드교육장운영사례집","9788948067293 (2)"
"9791166117510","9791166117527","1","네가죽기까지앞으로100일","9791166117527 (1)"
"9791166117510","9791166119675","2","네가죽기까지앞으로100일","9791166119675 (2)"
"9791190153850","9791190153867","1","커피도둑","9791190153867 (1)"
"9791190153850","9791190153874","2","커피도둑","9791190153874 (2)"
"9791190153850","9791190153881","3","커피도둑","9791190153881 (3)"
"9791167043207","9791167043214","1","박충신헌법","9791167043214 (1권)"
"9791167043207","9791167043221","2","박충신헌법","9791167043221 (2권)"
"9791167043115","9791167043122","1","netclass동형모의고사","9791167043122 (1)"
"9791167043115","9791167043139","2","netclass동형모의고사","9791167043139 (2)"
"9791167042828","9791167042835","상","정통국제법","9791167042835 (상)"
"9791167042828","9791167042842","중","정통국제법","9791167042842 (중)"
"9791167042828","9791167042859","하","정통국제법","9791167042859 (하)"
"9791190153911","9791190153928","1","중증외상센터","9791190153928 (1)"
"9791190153911","9791167790149","2","중증외상센터","9791167790149 (2)"
"9791167043023","9791167043030","1","s감정평가실무연습","9791167043030 (Vol 1)"
"9791167043023","9791167043047","2","s감정평가실무연습","9791167043047 (Vol 2)"
"9791136275806","9791136275813","1","종말의발키리","9791136275813 (1)"
"9791136275806","9791136278876","2","종말의발키리","9791136278876 (2)"
"9791136275806","9791136280275","3","종말의발키리","9791136280275 (3)"
"9791136275806","9791136282293","4","종말의발키리","9791136282293 (4)"
"9788924082821","9788924082777","1","천상열차분야지도","9788924082777 (1)"
"9788924082821","9788924082760","2","천상열차분야지도","9788924082760 (2)"
"9788924082821","9788924082753","3","천상열차분야지도","9788924082753 (3)"
"9788924082821","9788924082746","4","천상열차분야지도","9788924082746 (4)"
"9788924082821","9788924082739","5","천상열차분야지도","9788924082739 (5)"
"9791167043160","9791167043177","1","오상훈형법","9791167043177 (1)"
"9791167043160","9791167043184","2","오상훈형법","9791167043184 (2)"
"9791167042118","9791167042125","1","김상천형사소송법","9791167042125 (1권)"
"9791167042118","9791167042132","2","김상천형사소송법","9791167042132 (2권)"
"9791167043054","9791167043061","1","netclass동형모의고사","9791167043061 (1)"
"9791167043054","9791167043078","2","netclass동형모의고사","9791167043078 (2)"
"9791190153799","9791190153805","1","1초","9791190153805 (1)"
"9791190153799","9791190153812","2","1초","9791190153812 (2)"
"9791190153799","9791190153829","3","1초","9791190153829 (3)"
"9791136275967","9791136275974","1","매지컬없는매지컬펀치","9791136275974 (1)"
"9791136275967","9791136279064","2","매지컬없는매지컬펀치","9791136279064 (2)"
"9788929921248","9788929921255","1","2020년국가등록문화재시설물분야정기조사","9788929921255 (1)"
"9788929921248","9788929921262","2","2020년국가등록문화재시설물분야정기조사","9788929921262 (2)"
"9788929921248","9788929921279","3","2020년국가등록문화재시설물분야정기조사","9788929921279 (3)"
"9788929921248","9788929921286","4","2020년국가등록문화재시설물분야정기조사","9788929921286 (4)"
"9791136275844","9791136275851","1","그녀도여친","9791136275851 (1)"
"9791136275844","9791136278852","2","그녀도여친","9791136278852 (2)"
"9791136275844","9791136280381","3","그녀도여친","9791136280381 (3)"
"9791136275844","9791136282309","4","그녀도여친","9791136282309 (4)"
"9791157747122","9791157747139","1","할로우폭스","9791157747139 (1)"
"9791157747122","9791157747146","2","할로우폭스","9791157747146 (2)"
"9791159794674","9791159794681","상","농약학","9791159794681 (상)"
"9791159794674","9791159794698","중","농약학","9791159794698 (중)"
"9788965913566","9788965913573","1","정약전과자산어보","9788965913573 (1)"
"9788965913566","9788965913580","2","정약전과자산어보","9788965913580 (2)"
"9788946081093","9788946081109","1","스파이세계사","9788946081109 (제1권)"
"9788946081093","9788946081116","2","스파이세계사","9788946081116 (제2권)"
"9788946081093","9788946081123","3","스파이세계사","9788946081123 (제3권)"
"9791128862656","9791128862595","1","웹툰","9791128862595 (1)"
"9791128862656","9791128862625","2","웹툰","9791128862625 (2)"
"9788930451277","9788930451253","1","성인간호학","9788930451253 (1)"
"9788930451277","9788930451260","2","성인간호학","9788930451260 (2)"
"9791188762248","9791188762255","1","한번에끝내는중학세계사","9791188762255 (1)"
"9791188762248","9791188762262","2","한번에끝내는중학세계사","9791188762262 (2)"
"9791197111020","9791197111037","1","소방기술사가물이의불의과학이야기","9791197111037 (1)"
"9791197111020","9791197111044","2","소방기술사가물이의불의과학이야기","9791197111044 (2)"
"9791166154737","9791166154744","1","꼬마빌리밥","9791166154744 (1)"
"9791166154737","9791166154751","2","꼬마빌리밥","9791166154751 (2)"
"9791166154737","9791166154768","3","꼬마빌리밥","9791166154768 (3)"
"9791166154737","9791166154775","4","꼬마빌리밥","9791166154775 (4)"
"9791166154737","9791166154782","5","꼬마빌리밥","9791166154782 (5)"
"9791166154737","9791166154799","6","꼬마빌리밥","9791166154799 (6)"
"9788901251547","9788901251615","1","어휘로잡는빵빵독해초등한국사","9788901251615 (1)"
"9788901251547","9788901251622","2","어휘로잡는빵빵독해초등한국사","9788901251622 (2)"
"9788901251547","9788901251639","3","어휘로잡는빵빵독해초등한국사","9788901251639 (3)"
"9788950995652","9788950995669","1","어서오세요몬스터학교","9788950995669 (1)"
"9788950995652","9788950995676","2","어서오세요몬스터학교","9788950995676 (2)"
"9788950995652","9788950995683","3","어서오세요몬스터학교","9788950995683 (3)"
"9788950995652","9788950995690","4","어서오세요몬스터학교","9788950995690 (4)"
"9788950995652","9788950995706","5","어서오세요몬스터학교","9788950995706 (5)"
"9788950995652","9788950995713","6","어서오세요몬스터학교","9788950995713 (6)"
"9788934989318","9788934909989","상","불의날개와잃어버린후계자","9788934909989 (상)"
"9788934989318","9788934909958","하","불의날개와잃어버린후계자","9788934909958 (하)"
"9788949119519","9788949119533","2","키키네수학유치원","9788949119533 (2)"
"9788949119519","9788949119540","3","키키네수학유치원","9788949119540 (3)"
"9788949119519","9788949119557","4","키키네수학유치원","9788949119557 (4)"
"9788949119519","9788949119564","5","키키네수학유치원","9788949119564 (5)"
"9788949119519","9788949119571","6","키키네수학유치원","9788949119571 (6)"
"9791197205736","9791197205743","1","미쉬나","9791197205743 (1)"
"9791197205736","9791197205750","2","미쉬나","9791197205750 (2)"
"9791190470025","9791190470032","1","금강경오가해강의","9791190470032 (1)"
"9791190470025","9791190470049","2","금강경오가해강의","9791190470049 (2)"
"9791190470025","9791190470056","3","금강경오가해강의","9791190470056 (3)"
"9791190470025","9791190470063","4","금강경오가해강의","9791190470063 (4)"
"9791190470025","9791190470070","5","금강경오가해강의","9791190470070 (5)"
"9791190470025","9791190470087","6","금강경오가해강의","9791190470087 (6)"
"9791190470025","9791190470094","7","금강경오가해강의","9791190470094 (7)"
"9791128862663","9791128862601","1","웹툰","9791128862601 (1)"
"9791128862663","9791128862632","2","웹툰","9791128862632 (2)"
"9791165872229","9791165872236","1","정본한국야담전집","9791165872236 (1)"
"9791165872229","9791165872243","2","정본한국야담전집","9791165872243 (2)"
"9791165872229","9791165872250","3","정본한국야담전집","9791165872250 (3)"
"9791165872229","9791165872267","4","정본한국야담전집","9791165872267 (4)"
"9791165872229","9791165872274","5","정본한국야담전집","9791165872274 (5)"
"9791165872229","9791165872281","6","정본한국야담전집","9791165872281 (6)"
"9791165872229","9791165872298","7","정본한국야담전집","9791165872298 (7)"
"9791165872229","9791165872304","8","정본한국야담전집","9791165872304 (8)"
"9791165872229","9791165872311","9","정본한국야담전집","9791165872311 (9)"
"9791165872229","9791165872328","10","정본한국야담전집","9791165872328 (10)"
"9788963247809","9788963247816","1","전술삼국지","9788963247816 (1)"
"9788963247809","9788963247823","2","전술삼국지","9788963247823 (2)"
"9788963247809","9788963247830","3","전술삼국지","9788963247830 (3)"
"9788963247809","9788963247847","4","전술삼국지","9788963247847 (4)"
"9788963247809","9788963247854","5","전술삼국지","9788963247854 (5)"
"9791191558111","9791191558128","1","말랑말랑뇌운동","9791191558128 (1)"
"9791191558111","9791191558135","2","말랑말랑뇌운동","9791191558135 (2)"
"9788964795446","9788964795453","1","기태국어통계적기출분석","9788964795453 (1)"
"9788964795446","9788964795460","2","기태국어통계적기출분석","9788964795460 (2)"
"9788998522643","9788998522650","1","이구일의어린이방과후첼로","9788998522650 (1)"
"9788998522643","9788998522667","2","이구일의어린이방과후첼로","9788998522667 (2)"
"9788998522643","9788998522674","3","이구일의어린이방과후첼로","9788998522674 (3)"
"9788963248134","9788963248141","上","길위의향기","9788963248141 (上)"
"9788963248134","9788963248158","下","길위의향기","9788963248158 (下)"
"9788997290949","9788997290956","1","진주예상리예하리유적","9788997290956 (1)"
"9788997290949","9788997290963","2","진주예상리예하리유적","9788997290963 (2)"
"9788997290949","9788997290970","3","진주예상리예하리유적","9788997290970 (3)"
"9791125931027","9791125931034","1","live과학","9791125931034 (1)"
"9791125931027","9791125931041","2","live과학","9791125931041 (2)"
"9791125931027","9791125931058","3","live과학","9791125931058 (3)"
"9791125931027","9791125931065","4","live과학","9791125931065 (4)"
"9791125931027","9791125931072","5","live과학","9791125931072 (5)"
"9791125931027","9791125931089","6","live과학","9791125931089 (6)"
"9791125931027","9791125931096","7","live과학","9791125931096 (7)"
"9791125931027","9791125931102","8","live과학","9791125931102 (8)"
"9791125931027","9791125931119","9","live과학","9791125931119 (9)"
"9791125931027","9791125931126","10","live과학","9791125931126 (10)"
"9791125931027","9791125931133","11","live과학","9791125931133 (11)"
"9791125931027","9791125931140","12","live과학","9791125931140 (12)"
"9791125931027","9791125931157","13","live과학","9791125931157 (13)"
"9791125931027","9791125931164","14","live과학","9791125931164 (14)"
"9791125931027","9791125931171","15","live과학","9791125931171 (15)"
"9791125931027","9791125931188","16","live과학","9791125931188 (16)"
"9791125931027","9791125931195","17","live과학","9791125931195 (17)"
"9791125931027","9791125931201","18","live과학","9791125931201 (18)"
"9791125931027","9791125931218","19","live과학","9791125931218 (19)"
"9791125931027","9791125931225","20","live과학","9791125931225 (20)"
"9791197030918","9791197030925","1","나는대한민국의화가다","9791197030925 (1집)"
"9791197030918","9791197030932","2","나는대한민국의화가다","9791197030932 (2집)"
"9791197030918","9791197030949","3","나는대한민국의화가다","9791197030949 (3집)"
"9791197030918","9791197030956","4","나는대한민국의화가다","9791197030956 (4집)"
"9791197030918","9791197030963","5","나는대한민국의화가다","9791197030963 (5집)"
"9791197030918","9791197030970","6","나는대한민국의화가다","9791197030970 (6집)"
"9791197514708","9791197514715","1","해와달의노래,주역","9791197514715 (제1권)"
"9791197514708","9791197514722","2","해와달의노래,주역","9791197514722 (제2권)"
"9791197514708","9791197514739","3","해와달의노래,주역","9791197514739 (제3권)"
"9791197514708","9791197514746","4","해와달의노래,주역","9791197514746 (제4권)"
"9791197514708","9791197514753","5","해와달의노래,주역","9791197514753 (제5권)"
"9791160091472","9791160091489","1","2021abc왕초보전기설비기술기준","9791160091489 (1)"
"9791160091472","9791160091496","2","2021abc왕초보전기설비기술기준","9791160091496 (2)"
"9791186830048","9791186830055","상","제약산업학","9791186830055 (상)"
"9791186830048","9791186830062","하","제약산업학","9791186830062 (하)"
"9788954679602","9788954679619","1","은하의죽지않는아이들에게","9788954679619 (1)"
"9788954679602","9788954679626","2","은하의죽지않는아이들에게","9788954679626 (2)"
"9791136275011","9791136275028","1","잘못된일","9791136275028 (1)"
"9791136275011","9791136277985","2","잘못된일","9791136277985 (2)"
"9791138000543","9791138000550","1","전투원,파견합니다","9791138000550 (1)"
"9791138000543","9791138004855","2","전투원,파견합니다","9791138004855 (2)"
"9791136274892","9791136274908","1","성실하게불순이성교제","9791136274908 (1)"
"9791136274892","9791136278234","2","성실하게불순이성교제","9791136278234 (2)"
"9788929921132","9788929921149","상","20172020여주영릉과영릉","9788929921149 (상)"
"9788929921132","9788929921156","하","20172020여주영릉과영릉","9788929921156 (하)"
"9791167690326","9791160853988","1","엔젤윙스","9791160853988 (1)"
"9791167690326","9791167690203","2","엔젤윙스","9791167690203 (2)"
"9791136275981","9791136275998","1","아뢰옵니다킬러양과결혼했습니다","9791136275998 (1)"
"9791136275981","9791136279101","2","아뢰옵니다킬러양과결혼했습니다","9791136279101 (2)"
"9788928516162","9788928516179","1","역주고악보","9788928516179 (1)"
"9788928516162","9788928516186","2","역주고악보","9788928516186 (2)"
"9788989547020","9788989547037","1","캔디캔디","8989547032(1)"
"9788989547020","9788989547044","2","캔디캔디","8989547040(2)"
"9788989547020","9788989547051","3","캔디캔디","8989547059(3)"
"9788989547020","9788989547068","4","캔디캔디","8989547067(4)"
"9788989547020","9788989547075","5","캔디캔디","8989547075(5)"
"9788989547020","9788989547082","6","캔디캔디","8989547083(6)"
"9788989547020","9788989547099","7","캔디캔디","8989547091(7)"
"9788989547020","9788989547105","8","캔디캔디","8989547105(8)"
"9788989547020","9788989547112","9","캔디캔디","8989547113(9)"
"9788965822943","9788965822950","1","서양미술사를보다","9788965822950 (1)"
"9788965822943","9788965822967","2","서양미술사를보다","9788965822967 (2)"
"9788965823032","9788965823049","1","세계사를보다","9788965823049 (1)"
"9788965823032","9788965823056","2","세계사를보다","9788965823056 (2)"
"9788965823032","9788965823063","3","세계사를보다","9788965823063 (3)"
"9791162731765","9791162731772","1","용선생15분한국사독해","9791162731772 (1권)"
"9791162731765","9791162731789","2","용선생15분한국사독해","9791162731789 (2권)"
"9791162731765","9791162731796","3","용선생15분한국사독해","9791162731796 (3권)"
"9791162731765","9791162731802","4","용선생15분한국사독해","9791162731802 (4권)"
"9788968062209","9788968062216","1","ohmygrammar","9788968062216 (1)"
"9788968062209","9788968062223","2","ohmygrammar","9788968062223 (2)"
"9788968062209","9788968062230","3","ohmygrammar","9788968062230 (3)"
"9788968062179","9788968062186","1","열려라천일문영어구출대작전","9788968062186 (1)"
"9788968062179","9788968062193","2","열려라천일문영어구출대작전","9788968062193 (2)"
"9788955751499","9788955751970","7","명화색칠놀이","9788955751970 (7)"
"9788955751499","9788955751987","8","명화색칠놀이","9788955751987 (8)"
"9788924081510","9788924081503","1","논리적영어독해","9788924081503 (1)"
"9788924081510","9788924081497","2","논리적영어독해","9788924081497 (2)"
"9788924081510","9788924081480","3","논리적영어독해","9788924081480 (3)"
"9788924081510","9788924081466","4","논리적영어독해","9788924081466 (4)"
"9788924081510","9788924081473","5","논리적영어독해","9788924081473 (5)"
"9791197484001","9791197484018","1","newbeautyspace","9791197484018 (1)"
"9791197484001","9791197484025","2","newbeautyspace","9791197484025 (2)"
"9781108485104","9781108726320","1","thecambridgehandbookofintelligence","1108726321 (Volume 1 : Paperback)"
"9781108485104","9781108488419","1","thecambridgehandbookofintelligence","1108488412 (Volume 1 : Hardback)"
"9781108485104","9781108726344","2","thecambridgehandbookofintelligence","1108726348 (Volume 2 : Paperback)"
"9781108485104","9781108488433","2","thecambridgehandbookofintelligence","1108488439 (Volume 2 : Hardback)"
"9791197582073","9791197582080","1","전방위영적전쟁","9791197582080 (1)"
"9791197582073","9791197582097","2","전방위영적전쟁","9791197582097 (2)"
"9791165760960","9791165760977","01","위종욱사회","9791165760977 (01)"
"9791165760960","9791165760984","02","위종욱사회","9791165760984 (02)"
"9791136426796","9791136426802","1","무왕전생","9791136426802 (1)"
"9791136426796","9791136426819","2","무왕전생","9791136426819 (2)"
"9791136278746","9791136278753","1","타다노공고의일상","9791136278753 (1)"
"9791136278746","9791136282361","2","타다노공고의일상","9791136282361 (2)"
"9791136278159","9791136278166","1","고양이남자냥키하이스쿨","9791136278166 (1)"
"9791136278159","9791136281616","2","고양이남자냥키하이스쿨","9791136281616 (2)"
"9791136426673","9791136426680","1","환생화도","9791136426680 (1)"
"9791136426673","9791136426697","2","환생화도","9791136426697 (2)"
"9791136277992","9791136278005","1","나를야구장에데려가줘","9791136278005 (1)"
"9791136277992","9791136281449","2","나를야구장에데려가줘","9791136281449 (2)"
"9791165992088","9791165992095","1","서울옛길","9791165992095 (1)"
"9791165992088","9791165992101","2","서울옛길","9791165992101 (2)"
"9791165992088","9791165992118","3","서울옛길","9791165992118 (3)"
"9791165992088","9791165992125","4","서울옛길","9791165992125 (4)"
"9791165992088","9791165992132","5","서울옛길","9791165992132 (5)"
"9791165992088","9791165992149","6","서울옛길","9791165992149 (6)"
"9791165992088","9791165992156","7","서울옛길","9791165992156 (7)"
"9791165992088","9791165992163","8","서울옛길","9791165992163 (8)"
"9791165992088","9791165992170","9","서울옛길","9791165992170 (9)"
"9791165992088","9791165992187","10","서울옛길","9791165992187 (10)"
"9788992162746","9788992162753","01","365브레인피트니스","9788992162753 (01)"
"9788992162746","9788992162760","02","365브레인피트니스","9788992162760 (02)"
"9788992162746","9788992162777","03","365브레인피트니스","9788992162777 (03)"
"9788992162746","9788992162784","04","365브레인피트니스","9788992162784 (04)"
"9788992162746","9788992162791","05","365브레인피트니스","9788992162791 (05)"
"9788992162746","9788992162814","06","365브레인피트니스","9788992162814 (06)"
"9788992162746","9788992162838","07","365브레인피트니스","9788992162838 (07)"
"9788992162746","9788992162852","08","365브레인피트니스","9788992162852 (08)"
"9788992162746","9788992162876","09","365브레인피트니스","9788992162876 (09)"
"9788992162746","9788992162883","10","365브레인피트니스","9788992162883 (10)"
"9788992162746","9788992162906","11","365브레인피트니스","9788992162906 (11)"
"9788992162746","9788992162920","12","365브레인피트니스","9788992162920 (12)"
"9791136278760","9791136278777","1","쿠보양은나병풍를내버려두지않아","9791136278777 (1)"
"9791136278760","9791136280534","2","쿠보양은나병풍를내버려두지않아","9791136280534 (2)"
"9791136278760","9791136286130","3","쿠보양은나병풍를내버려두지않아","9791136286130 (3)"
"9791136731852","9791136731869","1","아베가저를노리고있습니다","9791136731869 (1)"
"9791136731852","9791136733771","2","아베가저를노리고있습니다","9791136733771 (2)"
"9791136731852","9791136741622","3","아베가저를노리고있습니다","9791136741622 (3)"
"9791136731517","9791136731524","1","북검전기","9791136731524 (1)"
"9791136731517","9791136735461","2","북검전기","9791136735461 (2)"
"9791136731517","9791136740717","3","북검전기","9791136740717 (3)"
"9791136732040","9791136732057","1","권법소년","9791136732057 (1)"
"9791136732040","9791136732941","2","권법소년","9791136732941 (2)"
"9791136732040","9791136734440","3","권법소년","9791136734440 (3)"
"9791136734587","9791136734594","1","마왕폐하의청소당번","9791136734594 (1)"
"9791136734587","9791136743152","2","마왕폐하의청소당번","9791136743152 (2)"
"9791136734464","9791136734471","1","슈퍼커브","9791136734471 (1)"
"9791136734464","9791136735560","2","슈퍼커브","9791136735560 (2)"
"9791136279019","9791136279026","1","최근고용한메이드가수상하다","9791136279026 (1)"
"9791136279019","9791136286369","3","최근고용한메이드가수상하다","9791136286369 (3)"
"9791109250335","9791109250342","1","검업","9791109250342 (1)"
"9791109250335","9791109250359","2","검업","9791109250359 (2)"
"9791109250335","9791109250366","3","검업","9791109250366 (3)"
"9791109250335","9791109250373","4","검업","9791109250373 (4)"
"9791109250335","9791109250380","5","검업","9791109250380 (5)"
"9791109250335","9791109250397","6","검업","9791109250397 (6)"
"9791109250335","9791109250403","7","검업","9791109250403 (7)"
"9791109250335","9791109250410","8","검업","9791109250410 (8)"
"9791109250335","9791109250427","9","검업","9791109250427 (9)"
"9791109250335","9791109250434","10","검업","9791109250434 (10)"
"9791109250335","9791109250441","11","검업","9791109250441 (11)"
"9791109250335","9791109250458","12","검업","9791109250458 (12)"
"9791109250335","9791109250465","13","검업","9791109250465 (13)"
"9791109250335","9791109250472","14","검업","9791109250472 (14)"
"9791109250335","9791109250489","15","검업","9791109250489 (15)"
"9791109250335","9791109250496","16","검업","9791109250496 (16)"
"9791109250335","9791109250502","17","검업","9791109250502 (17)"
"9791109250335","9791109250519","18","검업","9791109250519 (18)"
"9791109250335","9791109250526","19","검업","9791109250526 (19)"
"9791109250335","9791109250533","20","검업","9791109250533 (20)"
"9791109250335","9791109250540","21","검업","9791109250540 (21)"
"9791109250335","9791109250557","22","검업","9791109250557 (22)"
"9791109250335","9791109250564","23","검업","9791109250564 (23)"
"9791109250335","9791109250571","24","검업","9791109250571 (24)"
"9791109250335","9791109250588","25","검업","9791109250588 (25)"
"9791109250335","9791109250595","26","검업","9791109250595 (26)"
"9791109250335","9791109250601","27","검업","9791109250601 (27)"
"9791109250335","9791109250618","28","검업","9791109250618 (28)"
"9791109250335","9791109250625","29","검업","9791109250625 (29)"
"9791109250335","9791109250632","30","검업","9791109250632 (30)"
"9791109250335","9791109250649","31","검업","9791109250649 (31)"
"9791109250335","9791109250656","32","검업","9791109250656 (32)"
"9791109250335","9791109250663","33","검업","9791109250663 (33)"
"9791109250335","9791109250670","34","검업","9791109250670 (34)"
"9791109250335","9791109250687","35","검업","9791109250687 (35)"
"9791109250335","9791109250694","36","검업","9791109250694 (36(완결))"
"9791134889005","9791134889012","1","이니셜d","9791134889012 (1)"
"9791134889005","9791134889029","2","이니셜d","9791134889029 (2)"
"9791134889005","9791134889036","3","이니셜d","9791134889036 (3)"
"9791134889005","9791134889043","4","이니셜d","9791134889043 (4)"
"9791134889005","9791134889050","5","이니셜d","9791134889050 (5)"
"9791134889005","9791134889067","6","이니셜d","9791134889067 (6)"
"9791163023906","9791163023913","1","마음이이끄는대로","9791163023913 (1)"
"9791163023906","9791163023920","2","마음이이끄는대로","9791163023920 (2)"
"9791187961192","9791187961208","1","228민주운동기념사업60년","9791187961208 (제1권)"
"9791187961192","9791187961215","2","228민주운동기념사업60년","9791187961215 (제2권)"
"9791197010286","9791197010217","1","2020년문화재돌봄사업보고서","9791197010217 (1)"
"9791197010286","9791197010224","2","2020년문화재돌봄사업보고서","9791197010224 (2)"
"9791160711073","9791160711080","1","서울의역사","9791160711080 (제1권)"
"9791160711073","9791160711097","2","서울의역사","9791160711097 (제2권)"
"9791160711073","9791160711103","3","서울의역사","9791160711103 (제3권)"
"9791191065114","9791191065121","1","어둠이걷힌자리엔","9791191065121 (1)"
"9791191065114","9791191065138","2","어둠이걷힌자리엔","9791191065138 (2)"
"9788952773524","9791165796891","1","배트맨","9791165796891 (Vol. 1)"
"9788952773524","9791165796907","2","배트맨","9791165796907 (Vol. 2)"
"9791134882570","9791134882587","1","소꿉친구가과잉보호라들어","9791134882587 (1)"
"9791134882570","9791134890889","2","소꿉친구가과잉보호라들어","9791134890889 (2)"
"9791191766905","9791191766912","1","모죠의일지","9791191766912 (1)"
"9791191766905","9791191766929","2","모죠의일지","9791191766929 (2)"
"9791191766905","9791191766936","3","모죠의일지","9791191766936 (3)"
"9791191766905","9791191766943","4","모죠의일지","9791191766943 (4)"
"9791134878542","9791134878559","1","흑철","9791134878559 (1)"
"9791134878542","9791134878566","2","흑철","9791134878566 (2)"
